Date,Open,High,Low,Close,Adj Close,Volume
2010-02-22,6.15,6.16,6.15,6.16,6.16,7730.0
2010-02-23,6.16,6.2,6.16,6.19,6.19,13717.0
2010-02-24,6.17,6.22,6.16,6.18,6.18,8255.0
2010-02-25,6.18,6.18,6.1,6.17,6.17,30691.0
2010-02-26,,,,,,
2010-03-01,6.3,6.3,6.0,6.14,6.14,45575.0
2010-03-02,6.03,6.1,6.0,6.09,6.09,68241.0
2010-03-03,6.0,6.08,5.95,6.05,6.05,58905.0
2010-03-04,6.05,6.05,5.98,5.99,5.99,27197.0
2010-03-05,5.99,5.99,5.92,5.94,5.94,25452.0
2010-03-08,5.94,5.97,5.93,5.94,5.94,8719.0
2010-03-09,5.94,5.97,5.86,5.86,5.86,34902.0
2010-03-10,5.94,5.94,5.87,5.9,5.9,18766.0
2010-03-11,5.92,5.92,5.86,5.89,5.89,46425.0
2010-03-12,5.9,5.94,5.9,5.9,5.9,20651.0
2010-03-15,5.93,6.0,5.89,5.9,5.9,33170.0
2010-03-16,6.0,6.09,6.0,6.05,6.05,13460.0
2010-03-17,6.1,6.15,6.1,6.13,6.13,29938.0
2010-03-18,6.13,6.13,6.09,6.12,6.12,33814.0
2010-03-19,6.12,6.13,6.09,6.1,6.1,50794.0
2010-03-22,6.1,6.13,6.1,6.1,6.1,11477.0
2010-03-23,6.1,6.1,5.98,5.98,5.98,55746.0
2010-03-24,,,,,,
2010-03-25,5.9,5.9,5.87,5.87,5.87,8595.0
2010-03-26,5.9,5.96,5.87,5.9,5.9,10467.0
2010-03-29,5.9,5.9,5.8,5.8,5.8,71506.0
2010-03-30,5.8,5.93,5.79,5.84,5.84,30739.0
2010-03-31,5.8,5.92,5.8,5.92,5.92,21800.0
2010-04-01,5.92,5.95,5.9,5.95,5.95,10048.0
2010-04-05,5.95,6.11,5.82,5.83,5.83,24297.0
2010-04-06,5.83,5.97,5.81,5.9,5.9,25468.0
2010-04-07,5.9,5.99,5.9,5.99,5.99,10779.0
2010-04-08,6.17,6.17,6.08,6.09,6.09,37236.0
2010-04-09,,,,,,
2010-04-12,6.1,6.2,6.09,6.12,6.12,49496.0
2010-04-13,6.12,6.15,6.12,6.13,6.13,14052.0
2010-04-14,6.13,6.14,6.03,6.07,6.07,34035.0
2010-04-15,6.08,6.08,5.95,6.0,6.0,18489.0
2010-04-16,5.99,6.1,5.99,6.02,6.02,36504.0
2010-04-19,6.06,6.16,6.06,6.11,6.11,24843.0
2010-04-20,6.11,6.15,6.11,6.11,6.11,36174.0
2010-04-21,6.11,6.2,6.1,6.12,6.12,44324.0
2010-04-22,6.18,6.18,6.06,6.1,6.1,17033.0
2010-04-23,6.1,6.1,6.05,6.05,6.05,22751.0
2010-04-26,6.15,6.15,6.05,6.05,6.05,24846.0
2010-04-27,6.06,6.14,6.06,6.1,6.1,32045.0
2010-04-28,6.1,6.2,6.1,6.17,6.17,24295.0
2010-04-29,6.2,6.21,6.15,6.21,6.21,32276.0
2010-04-30,6.21,6.23,6.17,6.17,6.17,12047.0
2010-05-03,6.2,6.2,6.13,6.13,6.13,40023.0
2010-05-04,6.15,6.15,6.1,6.13,6.13,61157.0
2010-05-05,6.12,6.19,6.1,6.17,6.17,18827.0
2010-05-06,6.17,6.22,6.15,6.22,6.22,26903.0
2010-05-07,6.22,6.25,6.18,6.18,6.18,18867.0
2010-05-10,6.16,6.18,6.15,6.15,6.15,25465.0
2010-05-11,6.15,6.15,6.13,6.13,6.13,16875.0
2010-05-12,6.13,6.2,6.13,6.2,6.2,19518.0
2010-05-13,6.23,6.24,6.2,6.24,6.24,11142.0
2010-05-14,6.23,6.29,6.23,6.26,6.26,12745.0
2010-05-17,6.3,6.3,6.24,6.28,6.28,4657.0
2010-05-18,6.23,6.26,6.23,6.23,6.23,14413.0
2010-05-19,6.24,6.29,6.23,6.29,6.29,21286.0
2010-05-20,6.29,6.32,6.25,6.31,6.31,48731.0
2010-05-21,6.32,6.34,6.29,6.3,6.3,17998.0
2010-05-24,6.3,6.3,6.25,6.29,6.29,20065.0
2010-05-25,5.95,5.95,5.78,5.87,5.87,14875.0
2010-05-26,5.83,5.84,5.8,5.8,5.8,9512.0
2010-05-27,5.8,5.8,5.75,5.8,5.8,14125.0
2010-05-28,5.7,5.7,5.68,5.7,5.7,15418.0
2010-06-01,5.7,5.8,5.7,5.72,5.72,10762.0
2010-06-02,5.7,5.72,5.7,5.7,5.7,13969.0
2010-06-03,,,,,,
2010-06-04,5.72,5.8,5.72,5.73,5.73,5695.0
2010-06-07,5.72,5.75,5.72,5.75,5.75,31097.0
2010-06-08,5.75,5.75,5.73,5.75,5.75,21637.0
2010-06-09,5.75,5.79,5.75,5.76,5.76,15932.0
2010-06-10,5.76,5.79,5.76,5.78,5.78,10697.0
2010-06-11,5.79,5.8,5.75,5.75,5.75,8102.0
2010-06-14,5.75,5.75,5.73,5.73,5.73,12665.0
2010-06-15,5.72,5.75,5.7,5.73,5.73,15062.0
2010-06-16,5.73,5.75,5.73,5.73,5.73,11968.0
2010-06-17,5.73,5.75,5.73,5.75,5.75,13483.0
2010-06-18,5.73,5.76,5.73,5.76,5.76,5349.0
2010-06-21,5.75,5.75,5.73,5.74,5.74,5143.0
2010-06-22,5.73,5.74,5.67,5.69,5.69,29702.0
2010-06-23,5.67,5.69,5.64,5.64,5.64,15950.0
2010-06-24,5.64,5.67,5.61,5.67,5.67,23682.0
2010-06-25,5.61,5.67,5.51,5.67,5.67,6779.0
2010-06-28,,,,,,
2010-06-29,5.66,5.67,5.55,5.64,5.64,17904.0
2010-06-30,5.64,5.64,5.56,5.6,5.6,11822.0
2010-07-01,5.54,5.59,5.53,5.59,5.59,1655.0
2010-07-02,5.56,5.59,5.56,5.59,5.59,2459.0
2010-07-06,5.59,5.7,5.57,5.69,5.69,6307.0
2010-07-07,5.57,5.66,5.52,5.6,5.6,32197.0
2010-07-08,5.57,5.57,5.56,5.57,5.57,13936.0
2010-07-09,5.54,5.56,5.54,5.54,5.54,4886.0
2010-07-12,5.56,5.56,5.51,5.51,5.51,10926.0
2010-07-13,5.51,5.59,5.49,5.5,5.5,14638.0
2010-07-14,5.5,5.5,5.47,5.47,5.47,12547.0
2010-07-15,5.46,5.46,5.3,5.45,5.45,15529.0
2010-07-16,5.4,5.4,5.36,5.36,5.36,17317.0
2010-07-19,5.36,5.37,5.3,5.34,5.34,16202.0
2010-07-20,5.4,5.53,5.37,5.53,5.53,10463.0
2010-07-21,5.55,5.55,5.47,5.5,5.5,10292.0
2010-07-22,5.5,5.5,5.48,5.49,5.49,6164.0
2010-07-23,5.49,5.49,5.45,5.46,5.46,6424.0
2010-07-26,5.48,5.5,5.46,5.47,5.47,5338.0
2010-07-27,,,,,,
2010-07-28,5.47,5.5,5.47,5.49,5.49,3171.0
2010-07-29,5.5,5.74,5.5,5.74,5.74,32595.0
2010-07-30,5.9,6.07,5.74,5.9,5.9,90313.0
2010-08-02,5.95,5.95,5.88,5.88,5.88,12913.0
2010-08-03,5.95,6.0,5.88,5.9,5.9,9584.0
2010-08-04,5.9,5.9,5.85,5.9,5.9,4738.0
2010-08-05,5.9,5.9,5.85,5.87,5.87,9784.0
2010-08-06,5.87,5.9,5.86,5.87,5.87,10606.0
2010-08-09,5.95,5.95,5.89,5.9,5.9,11421.0
2010-08-10,,,,,,
2010-08-11,5.9,5.9,5.85,5.9,5.9,16355.0
2010-08-12,5.88,5.9,5.82,5.89,5.89,18080.0
2010-08-13,,,,,,
2010-08-16,5.89,5.9,5.82,5.85,5.85,10123.0
2010-08-17,5.85,5.9,5.85,5.9,5.9,1877.0
2010-08-18,5.85,5.9,5.85,5.89,5.89,4115.0
2010-08-19,5.86,6.01,5.85,6.0,6.0,25558.0
2010-08-20,6.0,6.05,5.9,6.03,6.03,41115.0
2010-08-23,6.04,6.13,6.04,6.13,6.13,27214.0
2010-08-24,6.12,6.18,6.12,6.17,6.17,16763.0
2010-08-25,6.16,6.17,6.12,6.14,6.14,19089.0
2010-08-26,6.14,6.14,6.1,6.1,6.1,10743.0
2010-08-27,6.1,6.1,6.06,6.1,6.1,13195.0
2010-08-30,6.1,6.1,6.06,6.1,6.1,4145.0
2010-08-31,6.06,6.1,6.06,6.1,6.1,18837.0
2010-09-01,6.1,6.2,6.1,6.18,6.18,25577.0
2010-09-02,6.11,6.18,6.11,6.18,6.18,16640.0
2010-09-03,6.18,6.18,6.08,6.1,6.1,15773.0
2010-09-07,6.1,6.18,6.1,6.12,6.12,14767.0
2010-09-08,6.12,6.12,6.1,6.1,6.1,17400.0
2010-09-09,,,,,,
2010-09-10,,,,,,
2010-09-13,6.1,6.15,6.1,6.13,6.13,24192.0
2010-09-14,6.13,6.15,6.11,6.13,6.13,41461.0
2010-09-15,6.12,6.14,6.03,6.05,6.05,27649.0
2010-09-16,6.08,6.1,6.03,6.05,6.05,18003.0
2010-09-17,6.05,6.08,6.02,6.03,6.03,47158.0
2010-09-20,6.03,6.03,6.0,6.0,6.0,32953.0
2010-09-21,5.98,6.05,5.93,6.04,6.04,39560.0
2010-09-22,6.08,6.08,6.0,6.0,6.0,11437.0
2010-09-23,6.0,6.0,5.97,6.0,6.0,33438.0
2010-09-24,5.98,6.03,5.98,6.0,6.0,18670.0
2010-09-27,6.0,6.1,5.99,6.1,6.1,21546.0
2010-09-28,6.09,6.09,6.03,6.05,6.05,14920.0
2010-09-29,6.05,6.1,6.05,6.07,6.07,44995.0
2010-09-30,6.1,6.12,6.06,6.12,6.12,57824.0
2010-10-01,6.12,6.22,6.12,6.18,6.18,20222.0
2010-10-04,6.13,6.14,6.06,6.12,6.12,14609.0
2010-10-05,6.17,6.17,6.07,6.07,6.07,8751.0
2010-10-06,6.06,6.06,5.79,5.87,5.87,63659.0
2010-10-07,5.61,6.14,5.61,6.0,6.0,51821.0
2010-10-08,6.01,6.08,5.97,5.97,5.97,21364.0
2010-10-11,5.98,5.98,5.88,5.88,5.88,10384.0
2010-10-12,5.88,5.88,5.71,5.8,5.8,29661.0
2010-10-13,5.8,5.97,5.8,5.93,5.93,16374.0
2010-10-14,5.93,5.95,5.9,5.9,5.9,16269.0
2010-10-15,5.9,5.98,5.8,5.8,5.8,30359.0
2010-10-18,5.8,5.95,5.8,5.89,5.89,50838.0
2010-10-19,5.89,6.04,5.84,6.03,6.03,40718.0
2010-10-20,6.03,6.03,5.85,6.0,6.0,70379.0
2010-10-21,5.94,5.94,5.92,5.93,5.93,2512.0
2010-10-22,5.92,5.95,5.86,5.88,5.88,499309.0
2010-10-25,5.9,5.9,5.8,5.8,5.8,18994.0
2010-10-26,5.79,5.8,5.75,5.77,5.77,5898.0
2010-10-27,5.75,5.8,5.75,5.79,5.79,8742.0
2010-10-28,5.8,5.85,5.75,5.75,5.75,15599.0
2010-10-29,5.75,5.8,5.62,5.67,5.67,19535.0
2010-11-01,5.67,5.84,5.67,5.8,5.8,27497.0
2010-11-02,5.65,5.87,5.65,5.87,5.87,18892.0
2010-11-03,5.86,5.9,5.81,5.9,5.9,29331.0
2010-11-04,5.88,5.88,5.75,5.8,5.8,10182.0
2010-11-05,5.8,5.8,5.7,5.8,5.8,13459.0
2010-11-08,5.8,5.87,5.8,5.87,5.87,1974.0
2010-11-09,5.72,5.85,5.72,5.85,5.85,1309.0
2010-11-10,5.85,5.85,5.8,5.85,5.85,5937.0
2010-11-11,5.85,5.88,5.85,5.87,5.87,13565.0
2010-11-12,5.85,5.87,5.85,5.87,5.87,6454.0
2010-11-15,5.87,5.93,5.86,5.88,5.88,4125.0
2010-11-16,,,,,,
2010-11-17,,,,,,
2010-11-18,5.82,5.92,5.82,5.87,5.87,18786.0
2010-11-19,5.87,5.9,5.85,5.89,5.89,11276.0
2010-11-22,5.86,5.9,5.84,5.9,5.9,10957.0
2010-11-23,5.9,5.9,5.83,5.85,5.85,10021.0
2010-11-24,5.85,5.85,5.8,5.84,5.84,25918.0
2010-11-26,5.85,5.9,5.8,5.86,5.86,11947.0
2010-11-29,5.8,5.91,5.8,5.87,5.87,15610.0
2010-11-30,5.86,5.86,5.83,5.85,5.85,4185.0
2010-12-01,5.87,5.94,5.87,5.93,5.93,10142.0
2010-12-02,5.93,5.95,5.91,5.93,5.93,14033.0
2010-12-03,5.88,5.92,5.87,5.87,5.87,4576.0
2010-12-06,,,,,,
2010-12-07,,,,,,
2010-12-08,5.87,5.96,5.87,5.9,5.9,9936.0
2010-12-09,5.87,5.9,5.84,5.87,5.87,1257.0
2010-12-10,5.85,5.85,5.83,5.84,5.84,9319.0
2010-12-13,5.8,5.8,5.67,5.78,5.78,10731.0
2010-12-14,5.73,5.79,5.7,5.75,5.75,2885.0
2010-12-15,5.7,5.76,5.7,5.75,5.75,2434.0
2010-12-16,5.76,5.79,5.75,5.76,5.76,3442.0
2010-12-17,5.77,5.78,5.75,5.76,5.76,3808.0
2010-12-20,5.76,5.77,5.74,5.74,5.74,3652.0
2010-12-21,5.8,5.8,5.7,5.73,5.73,11091.0
2010-12-22,5.73,5.79,5.73,5.77,5.77,2188.0
2010-12-23,5.77,5.77,5.73,5.74,5.74,3295.0
2010-12-27,5.74,5.77,5.72,5.75,5.75,6734.0
2010-12-28,5.75,5.75,5.7,5.7,5.7,3504.0
2010-12-29,5.68,5.72,5.6,5.72,5.72,40431.0
2010-12-30,5.72,5.73,5.7,5.72,5.72,11052.0
2010-12-31,5.74,5.75,5.72,5.75,5.75,35875.0
2011-01-03,,,,,,
2011-01-04,,,,,,
2011-01-05,,,,,,
2011-01-06,,,,,,
2011-01-07,,,,,,
2011-01-10,,,,,,
2011-01-11,,,,,,
2011-01-12,,,,,,
2011-01-13,,,,,,
2011-01-14,,,,,,
2011-01-18,,,,,,
2011-01-19,,,,,,
2011-01-20,,,,,,
2011-01-21,5.3,5.45,5.3,5.45,5.45,41024.0
2011-01-24,,,,,,
2011-01-25,,,,,,
2011-01-26,,,,,,
2011-01-27,,,,,,
2011-01-28,,,,,,
2011-01-31,5.22,5.4,5.21,5.4,5.4,17614.0
2011-02-01,5.16,5.39,5.16,5.3,5.3,7200.0
2011-02-02,5.31,5.46,5.17,5.3,5.3,17569.0
2011-02-03,5.53,5.53,5.5,5.53,5.53,55.0
2011-02-04,5.69,5.8,5.52,5.52,5.52,36579.0
2011-02-07,5.68,5.7,5.58,5.68,5.68,112.0
2011-02-08,5.68,5.69,5.6,5.63,5.63,81.0
2011-02-09,5.6,5.63,5.6,5.6,5.6,24.0
2011-02-10,5.7,5.7,5.6,5.65,5.65,22.0
2011-02-11,5.6,5.63,5.6,5.6,5.6,31.0
2011-02-14,5.51,5.6,5.51,5.52,5.52,24.0
2011-02-15,,,,,,
2011-02-16,5.51,5.55,5.36,5.55,5.55,15.0
2011-02-17,5.41,5.41,5.39,5.4,5.4,20.0
2011-02-18,5.4,5.55,5.4,5.55,5.55,64.0
2011-02-22,5.4,5.6,5.24,5.25,5.25,74.0
2011-02-23,5.24,5.24,5.09,5.16,5.16,76.0
2011-02-24,5.2,5.2,5.05,5.05,5.05,37.0
2011-02-25,4.83,5.0,4.75,4.75,4.75,106.0
2011-02-28,,,,,,
2011-03-01,,,,,,
2011-03-02,,,,,,
2011-03-03,,,,,,
2011-03-04,,,,,,
2011-03-07,4.9,4.96,4.9,4.96,4.96,20.0
2011-03-08,5.0,5.15,5.0,5.15,5.15,141.0
2011-03-09,5.38,5.38,5.15,5.34,5.34,117.0
2011-03-10,5.4,5.4,5.24,5.24,5.24,37.0
2011-03-11,5.24,5.24,5.09,5.23,5.23,71.0
2011-03-14,5.17,5.2,5.08,5.1,5.1,40.0
2011-03-15,4.97,5.1,4.97,5.05,5.05,49.0
2011-03-16,5.0,5.15,5.0,5.14,5.14,76.0
2011-03-17,5.2,5.2,5.06,5.06,5.06,38.0
2011-03-18,5.2,5.29,5.1,5.19,5.19,48.0
2011-03-21,,,,,,
2011-03-22,5.25,5.25,5.2,5.2,5.2,60.0
2011-03-23,5.3,5.3,5.2,5.23,5.23,61.0
2011-03-24,5.21,5.24,5.13,5.22,5.22,20.0
2011-03-25,5.11,5.2,5.1,5.15,5.15,18.0
2011-03-28,5.24,5.24,5.12,5.15,5.15,17.0
2011-03-29,5.1,5.15,5.07,5.07,5.07,45.0
2011-03-30,5.07,5.08,5.05,5.08,5.08,26.0
2011-03-31,5.05,5.17,5.05,5.17,5.17,12.0
2011-04-01,5.22,5.22,5.17,5.17,5.17,32.0
2011-04-04,5.06,5.15,5.06,5.13,5.13,16.0
2011-04-05,5.13,5.13,5.08,5.09,5.09,18.0
2011-04-06,5.09,5.18,5.09,5.12,5.12,11.0
2011-04-07,5.08,5.11,5.06,5.11,5.11,14.0
2011-04-08,5.06,5.15,5.06,5.15,5.15,16.0
2011-04-11,5.15,5.2,5.15,5.15,5.15,8.0
2011-04-12,5.1,5.16,5.07,5.07,5.07,39.0
2011-04-13,5.07,5.15,5.07,5.15,5.15,31.0
2011-04-14,5.14,5.15,5.06,5.06,5.06,31.0
2011-04-15,5.01,5.14,5.01,5.14,5.14,32.0
2011-04-18,5.15,5.15,5.1,5.14,5.14,17.0
2011-04-19,5.02,5.15,5.02,5.14,5.14,12.0
2011-04-20,5.27,5.27,5.19,5.2,5.2,106.0
2011-04-21,5.2,5.2,5.15,5.19,5.19,34.0
2011-04-25,5.19,5.25,5.17,5.22,5.22,67.0
2011-04-26,5.27,5.42,5.2,5.4,5.4,101.0
2011-04-27,5.54,5.54,5.38,5.38,5.38,49.0
2011-04-28,5.38,5.38,5.27,5.35,5.35,24.0
2011-04-29,5.35,5.35,5.2,5.2,5.2,34.0
2011-05-02,5.33,5.33,5.28,5.28,5.28,29.0
2011-05-03,5.28,5.29,5.23,5.28,5.28,6.0
2011-05-04,5.3,5.3,5.21,5.28,5.28,9.0
2011-05-05,5.25,5.25,5.1,5.2,5.2,94.0
2011-05-06,5.28,5.3,5.25,5.25,5.25,27.0
2011-05-09,5.2,5.3,5.14,5.2,5.2,43.0
2011-05-10,5.2,5.3,5.2,5.29,5.29,11.0
2011-05-11,5.29,5.39,5.2,5.34,5.34,24.0
2011-05-12,5.34,5.39,5.3,5.3,5.3,38.0
2011-05-13,5.27,5.35,5.27,5.34,5.34,17.0
2011-05-16,5.31,5.35,5.3,5.35,5.35,8.0
2011-05-17,5.35,5.35,5.3,5.32,5.32,22.0
2011-05-18,5.3,5.4,5.3,5.4,5.4,70.0
2011-05-19,5.4,5.71,5.36,5.71,5.71,109.0
2011-05-20,5.84,5.84,5.65,5.65,5.65,105.0
2011-05-23,5.61,5.61,5.49,5.57,5.57,40.0
2011-05-24,5.6,5.63,5.5,5.59,5.59,85.0
2011-05-25,5.6,5.65,5.6,5.6,5.6,27.0
2011-05-26,5.6,5.6,5.49,5.5,5.5,42.0
2011-05-27,5.6,5.6,5.5,5.51,5.51,69.0
2011-05-31,5.53,5.6,5.53,5.57,5.57,78.0
2011-06-01,5.56,5.59,5.55,5.57,5.57,26.0
2011-06-02,5.55,5.64,5.53,5.6,5.6,48.0
2011-06-03,5.65,5.65,5.6,5.61,5.61,47.0
2011-06-06,5.61,5.64,5.61,5.62,5.62,45.0
2011-06-07,5.61,5.62,5.58,5.58,5.58,81.0
2011-06-08,5.73,5.73,5.59,5.68,5.68,21.0
2011-06-09,5.7,5.7,5.67,5.67,5.67,52.0
2011-06-10,5.68,5.71,5.64,5.64,5.64,52.0
2011-06-13,5.64,5.75,5.64,5.75,5.75,116.0
2011-06-14,5.78,5.8,5.77,5.79,5.79,166.0
2011-06-15,5.0,5.0,4.87,4.9,4.9,74.0
2011-06-16,4.91,4.91,4.77,4.85,4.85,77.0
2011-06-17,4.85,4.89,4.8,4.89,4.89,37.0
2011-06-20,4.85,4.87,4.78,4.86,4.86,18.0
2011-06-21,4.8,4.86,4.8,4.86,4.86,60.0
2011-06-22,4.89,4.89,4.82,4.84,4.84,26.0
2011-06-23,4.8,4.82,4.8,4.8,4.8,48.0
2011-06-24,4.8,4.82,4.76,4.77,4.77,38.0
2011-06-27,4.76,4.8,4.76,4.8,4.8,26.0
2011-06-28,4.76,4.8,4.75,4.8,4.8,28.0
2011-06-29,4.8,4.84,4.78,4.79,4.79,15.0
2011-06-30,4.8,4.8,4.76,4.76,4.76,32.0
2011-07-01,4.85,4.85,4.71,4.71,4.71,29.0
2011-07-05,4.77,4.83,4.7,4.79,4.79,38.0
2011-07-06,4.79,4.79,4.76,4.76,4.76,12.0
2011-07-07,4.76,4.78,4.75,4.76,4.76,19.0
2011-07-08,4.76,4.8,4.76,4.8,4.8,48.0
2011-07-11,4.8,4.85,4.8,4.82,4.82,15.0
2011-07-12,4.82,4.84,4.8,4.84,4.84,21.0
2011-07-13,4.8,4.84,4.8,4.84,4.84,18.0
2011-07-14,4.8,4.84,4.8,4.81,4.81,15.0
2011-07-15,4.81,4.84,4.8,4.84,4.84,25.0
2011-07-18,4.84,4.84,4.8,4.81,4.81,31.0
2011-07-19,4.85,4.85,4.82,4.84,4.84,26.0
2011-07-20,4.82,4.82,4.8,4.82,4.82,13.0
2011-07-21,4.82,4.82,4.8,4.8,4.8,34.0
2011-07-22,4.8,4.82,4.75,4.82,4.82,58.0
2011-07-25,,,,,,
2011-07-26,4.81,4.96,4.8,4.95,4.95,34.0
2011-07-27,4.95,4.98,4.95,4.97,4.97,26.0
2011-07-28,4.99,5.27,4.95,5.27,5.27,217.0
2011-07-29,5.4,5.59,5.4,5.59,5.59,398.0
2011-08-01,5.7,5.85,5.7,5.81,5.81,447.0
2011-08-02,5.81,5.92,5.81,5.89,5.89,354.0
2011-08-03,5.88,5.9,5.8,5.88,5.88,197.0
2011-08-04,5.87,5.92,5.76,5.92,5.92,221.0
2011-08-05,5.91,5.98,5.9,5.97,5.97,206.0
2011-08-08,5.97,5.97,5.82,5.89,5.89,126.0
2011-08-09,5.8,5.8,5.54,5.54,5.54,196.0
2011-08-10,5.61,5.72,5.54,5.62,5.62,167.0
2011-08-11,5.61,5.69,5.42,5.62,5.62,109.0
2011-08-12,5.65,5.65,5.55,5.57,5.57,46.0
2011-08-15,,,,,,
2011-08-16,5.81,5.88,5.74,5.75,5.75,279.0
2011-08-17,5.7,5.8,5.7,5.79,5.79,132.0
2011-08-18,5.8,6.0,5.73,6.0,6.0,388.0
2011-08-19,6.0,6.02,5.98,6.01,6.01,319.0
2011-08-22,6.06,6.12,6.05,6.05,6.05,256.0
2011-08-23,6.09,6.1,6.01,6.09,6.09,129.0
2011-08-24,6.05,6.09,6.02,6.02,6.02,51.0
2011-08-25,6.02,6.02,6.0,6.0,6.0,68.0
2011-08-26,6.0,6.0,5.95,6.0,6.0,69.0
2011-08-29,6.0,6.01,5.92,6.01,6.01,60.0
2011-08-30,,,,,,
2011-08-31,,,,,,
2011-09-01,,,,,,
2011-09-02,6.03,6.11,6.0,6.03,6.03,86.0
2011-09-06,6.1,6.16,5.96,5.96,5.96,126.0
2011-09-07,6.05,6.05,5.87,5.95,5.95,62.0
2011-09-08,5.95,5.99,5.86,5.95,5.95,61.0
2011-09-09,5.9,5.9,5.85,5.9,5.9,60.0
2011-09-12,5.85,5.9,5.73,5.9,5.9,81.0
2011-09-13,5.9,5.9,5.84,5.85,5.85,21.0
2011-09-14,5.82,5.92,5.77,5.9,5.9,61.0
2011-09-15,5.9,5.9,5.83,5.9,5.9,45.0
2011-09-16,5.84,5.9,5.83,5.9,5.9,76.0
2011-09-19,5.9,5.91,5.85,5.91,5.91,31.0
2011-09-20,5.9,5.93,5.88,5.9,5.9,100.0
2011-09-21,5.86,5.9,5.85,5.86,5.86,47.0
2011-09-22,5.86,5.89,5.86,5.86,5.86,40.0
2011-09-23,5.85,6.05,5.81,6.04,6.04,148.0
2011-09-26,6.04,6.08,6.0,6.03,6.03,82.0
2011-09-27,5.99,6.1,5.99,6.09,6.09,114.0
2011-09-28,6.1,6.36,6.1,6.35,6.35,603.0
2011-09-29,6.37,6.38,6.25,6.3,6.3,197.0
2011-09-30,6.3,6.3,6.12,6.18,6.18,119.0
2011-10-03,6.0,6.18,6.0,6.18,6.18,97.0
2011-10-04,6.09,6.15,6.06,6.08,6.08,65.0
2011-10-05,6.08,6.14,6.08,6.09,6.09,35.0
2011-10-06,6.09,6.15,6.09,6.09,6.09,104.0
2011-10-07,6.1,6.13,6.09,6.12,6.12,56.0
2011-10-10,6.05,6.11,6.05,6.08,6.08,76.0
2011-10-11,6.06,6.08,6.05,6.05,6.05,63.0
2011-10-12,6.08,6.08,5.9,5.9,5.9,125.0
2011-10-13,5.77,5.94,5.76,5.87,5.87,74.0
2011-10-14,5.96,6.0,5.87,5.92,5.92,54.0
2011-10-17,,,,,,
2011-10-18,6.0,6.0,5.92,5.94,5.94,30.0
2011-10-19,5.91,5.94,5.91,5.91,5.91,54.0
2011-10-20,5.91,6.0,5.91,5.98,5.98,59.0
2011-10-21,6.0,6.02,5.95,5.99,5.99,26.0
2011-10-24,5.99,5.99,5.82,5.86,5.86,44.0
2011-10-25,,,,,,
2011-10-26,5.95,6.04,5.95,6.0,6.0,126.0
2011-10-27,6.03,6.14,6.0,6.13,6.13,106.0
2011-10-28,6.09,6.14,6.09,6.14,6.14,107.0
2011-10-31,6.14,6.15,6.03,6.15,6.15,60.0
2011-11-01,6.18,6.23,6.03,6.23,6.23,204.0
2011-11-02,6.24,6.28,6.2,6.23,6.23,68.0
2011-11-03,6.26,6.32,6.26,6.28,6.28,140.0
2011-11-04,6.31,6.32,6.28,6.28,6.28,78.0
2011-11-07,,,,,,
2011-11-08,,,,,,
2011-11-09,6.31,6.31,6.28,6.28,6.28,42.0
2011-11-10,6.28,6.28,6.22,6.26,6.26,43.0
2011-11-11,6.25,6.25,6.18,6.25,6.25,33.0
2011-11-14,6.24,6.25,6.17,6.24,6.24,27.0
2011-11-15,6.24,6.26,6.19,6.24,6.24,42.0
2011-11-16,6.24,6.25,6.19,6.24,6.24,35.0
2011-11-17,6.23,6.25,6.2,6.24,6.24,79.0
2011-11-18,6.2,6.2,6.15,6.16,6.16,27.0
2011-11-21,6.17,6.17,6.06,6.15,6.15,56.0
2011-11-22,6.15,6.15,6.08,6.12,6.12,32.0
2011-11-23,6.13,6.15,6.1,6.12,6.12,33.0
2011-11-25,6.12,6.17,6.07,6.15,6.15,73.0
2011-11-28,6.15,6.19,6.0,6.15,6.15,46.0
2011-11-29,5.99,6.1,5.99,6.05,6.05,100.0
2011-11-30,6.14,6.14,6.0,6.05,6.05,27.0
2011-12-01,6.1,6.1,6.01,6.05,6.05,15.0
2011-12-02,6.02,6.1,5.99,6.1,6.1,20.0
2011-12-05,6.1,6.1,5.99,6.07,6.07,24.0
2011-12-06,6.01,6.01,5.96,6.0,6.0,20.0
2011-12-07,6.0,6.05,5.96,6.0,6.0,22.0
2011-12-08,5.95,6.05,5.95,6.05,6.05,21.0
2011-12-09,5.93,6.09,5.93,6.05,6.05,33.0
2011-12-12,5.97,6.05,5.97,6.05,6.05,58.0
2011-12-13,6.0,6.08,5.98,6.07,6.07,65.0
2011-12-14,6.06,6.07,6.0,6.07,6.07,74.0
2011-12-15,6.08,6.08,6.0,6.07,6.07,88.0
2011-12-16,6.07,6.08,5.95,6.0,6.0,70.0
2011-12-19,6.0,6.0,5.96,6.0,6.0,15.0
2011-12-20,5.96,6.0,5.96,5.99,5.99,24.0
2011-12-21,5.99,6.0,5.97,6.0,6.0,30.0
2011-12-22,6.0,6.0,5.97,5.98,5.98,23.0
2011-12-23,5.97,5.98,5.95,5.98,5.98,45.0
2011-12-27,6.02,6.02,5.93,5.98,5.98,49.0
2011-12-28,5.98,5.98,5.94,5.98,5.98,25.0
2011-12-29,5.95,5.97,5.92,5.95,5.95,47.0
2011-12-30,5.95,5.98,5.93,5.98,5.98,46.0
2012-01-03,6.1,6.1,5.95,6.05,6.05,83.0
2012-01-04,6.1,6.11,6.04,6.04,6.04,52.0
2012-01-05,6.04,6.1,6.0,6.1,6.1,35.0
2012-01-06,6.11,6.11,6.0,6.1,6.1,20.0
2012-01-09,6.05,6.07,6.04,6.07,6.07,58.0
2012-01-10,6.11,6.13,6.07,6.13,6.13,67.0
2012-01-11,6.1,6.18,6.1,6.14,6.14,40.0
2012-01-12,6.13,6.15,6.07,6.15,6.15,35.0
2012-01-13,6.07,6.15,6.07,6.15,6.15,20.0
2012-01-17,6.15,6.19,6.1,6.19,6.19,105.0
2012-01-18,6.19,6.19,6.06,6.17,6.17,17.0
2012-01-19,6.18,6.18,6.03,6.15,6.15,42.0
2012-01-20,6.18,6.18,6.04,6.04,6.04,14.0
2012-01-23,6.17,6.19,6.1,6.19,6.19,31655.0
2012-01-24,6.19,6.2,6.11,6.2,6.2,16800.0
2012-01-25,6.19,6.22,6.19,6.22,6.22,7387.0
2012-01-26,6.15,6.24,6.12,6.24,6.24,24644.0
2012-01-27,6.25,6.25,6.11,6.24,6.24,25723.0
2012-01-30,6.24,6.25,6.1,6.2,6.2,35624.0
2012-01-31,6.1,6.25,6.1,6.24,6.24,12905.0
2012-02-01,6.24,6.27,6.1,6.26,6.26,88398.0
2012-02-02,6.26,6.26,6.11,6.24,6.24,6593.0
2012-02-03,6.24,6.28,6.2,6.25,6.25,20813.0
2012-02-06,6.25,6.28,6.15,6.27,6.27,72318.0
2012-02-07,6.28,6.28,6.21,6.25,6.25,1569.0
2012-02-08,6.23,6.25,6.18,6.18,6.18,9291.0
2012-02-09,6.22,6.3,6.2,6.28,6.28,63257.0
2012-02-10,6.28,6.28,6.23,6.25,6.25,10562.0
2012-02-13,6.25,6.25,6.21,6.23,6.23,5690.0
2012-02-14,6.15,6.23,6.14,6.2,6.2,15800.0
2012-02-15,6.2,6.22,6.15,6.22,6.22,10889.0
2012-02-16,6.15,6.24,6.15,6.24,6.24,46426.0
2012-02-17,6.16,6.27,6.16,6.27,6.27,15576.0
2012-02-21,6.27,6.27,6.27,6.27,6.27,0.0
2012-02-22,6.26,6.3,6.2,6.3,6.3,24990.0
2012-02-23,6.3,6.3,6.3,6.3,6.3,0.0
2012-02-24,6.3,6.3,6.3,6.3,6.3,0.0
2012-02-27,6.34,6.34,6.26,6.29,6.29,14643.0
2012-02-28,6.32,6.34,6.29,6.34,6.34,29519.0
2012-02-29,6.34,6.4,6.34,6.4,6.4,23176.0
2012-03-01,6.38,6.44,6.3,6.35,6.35,23951.0
2012-03-02,6.35,6.35,6.35,6.35,6.35,0.0
2012-03-05,6.33,6.4,6.33,6.4,6.4,3728.0
2012-03-06,6.35,6.44,6.29,6.4,6.4,73554.0
2012-03-07,6.31,6.4,6.3,6.38,6.38,18810.0
2012-03-08,6.29,6.39,6.27,6.39,6.39,3080.0
2012-03-09,6.55,6.55,6.39,6.44,6.44,124621.0
2012-03-12,6.5,6.69,6.49,6.69,6.69,201409.0
2012-03-13,6.71,6.74,6.52,6.52,6.52,64431.0
2012-03-14,6.6,6.67,6.6,6.6,6.6,27563.0
2012-03-15,6.6,6.66,6.51,6.64,6.64,43141.0
2012-03-16,6.66,6.69,6.6,6.63,6.63,13395.0
2012-03-19,6.64,6.72,6.6,6.65,6.65,14408.0
2012-03-20,6.65,6.65,6.65,6.65,6.65,0.0
2012-03-21,6.64,6.68,6.64,6.68,6.68,31840.0
2012-03-22,6.69,6.69,6.55,6.6,6.6,22007.0
2012-03-23,6.6,6.66,6.52,6.66,6.66,5869.0
2012-03-26,6.6,6.7,6.54,6.65,6.65,19574.0
2012-03-27,6.64,6.64,6.55,6.63,6.63,15170.0
2012-03-28,6.65,6.65,6.53,6.6,6.6,35627.0
2012-03-29,6.65,6.65,6.56,6.6,6.6,7046.0
2012-03-30,6.6,6.6,6.57,6.57,6.57,16558.0
2012-04-02,6.56,6.6,6.54,6.56,6.56,10180.0
2012-04-03,6.59,6.63,6.56,6.61,6.61,46187.0
2012-04-04,6.64,6.74,6.6,6.65,6.65,26575.0
2012-04-05,6.63,6.65,6.56,6.58,6.58,54174.0
2012-04-09,6.56,6.6,6.47,6.47,6.47,56728.0
2012-04-10,6.47,6.6,6.44,6.44,6.44,16118.0
2012-04-11,6.63,6.63,6.54,6.55,6.55,25788.0
2012-04-12,6.58,6.6,6.55,6.59,6.59,22166.0
2012-04-13,6.59,6.7,6.51,6.69,6.69,41363.0
2012-04-16,6.69,6.75,6.65,6.74,6.74,21527.0
2012-04-17,6.68,6.82,6.68,6.8,6.8,224126.0
2012-04-18,6.8,6.84,6.78,6.8,6.8,11646.0
2012-04-19,6.79,6.85,6.79,6.83,6.83,23912.0
2012-04-20,6.85,6.85,6.78,6.79,6.79,12877.0
2012-04-23,6.83,6.83,6.67,6.8,6.8,10204.0
2012-04-24,6.8,6.8,6.67,6.7,6.7,7130.0
2012-04-25,6.7,6.79,6.65,6.7,6.7,9502.0
2012-04-26,6.69,6.69,6.55,6.56,6.56,17371.0
2012-04-27,6.56,6.59,6.53,6.59,6.59,24862.0
2012-04-30,6.59,6.59,6.56,6.58,6.58,6506.0
2012-05-01,6.58,6.58,6.58,6.58,6.58,0.0
2012-05-02,6.58,6.58,6.58,6.58,6.58,0.0
2012-05-03,6.52,6.52,6.5,6.51,6.51,17955.0
2012-05-04,6.51,6.52,6.47,6.52,6.52,11771.0
2012-05-07,6.43,6.58,6.43,6.58,6.58,12220.0
2012-05-08,6.58,6.67,6.47,6.65,6.65,17028.0
2012-05-09,6.65,6.68,6.55,6.67,6.67,13979.0
2012-05-10,6.67,6.75,6.56,6.7,6.7,12390.0
2012-05-11,6.7,6.74,6.57,6.7,6.7,16810.0
2012-05-14,6.72,6.72,6.58,6.7,6.7,13944.0
2012-05-15,6.7,6.75,6.5,6.68,6.68,76698.0
2012-05-16,6.68,6.7,6.6,6.7,6.7,9091.0
2012-05-17,6.6,6.69,6.57,6.67,6.67,4930.0
2012-05-18,6.6,6.65,6.57,6.65,6.65,4235.0
2012-05-21,6.65,6.65,6.56,6.56,6.56,28392.0
2012-05-22,6.65,6.67,6.58,6.65,6.65,17371.0
2012-05-23,6.64,6.66,6.57,6.57,6.57,14255.0
2012-05-24,6.57,6.64,6.52,6.64,6.64,63734.0
2012-05-25,6.6,6.6,6.48,6.48,6.48,49703.0
2012-05-29,6.57,6.58,6.38,6.48,6.48,27099.0
2012-05-30,6.6,6.6,6.5,6.52,6.52,3056.0
2012-05-31,6.52,6.52,6.48,6.52,6.52,8898.0
2012-06-01,6.5,6.52,6.45,6.52,6.52,3660.0
2012-06-04,6.52,6.54,6.52,6.54,6.54,49211.0
2012-06-05,6.52,6.59,6.52,6.59,6.59,34813.0
2012-06-06,6.54,6.65,6.54,6.6,6.6,26806.0
2012-06-07,6.6,6.62,6.56,6.61,6.61,17487.0
2012-06-08,6.6,6.6,6.56,6.6,6.6,8745.0
2012-06-11,6.6,6.6,6.58,6.59,6.59,20329.0
2012-06-12,6.59,6.59,6.52,6.52,6.52,17578.0
2012-06-13,6.52,6.64,6.51,6.64,6.64,10064.0
2012-06-14,6.65,6.65,6.6,6.6,6.6,12852.0
2012-06-15,6.6,6.62,6.59,6.61,6.61,19873.0
2012-06-18,6.6,6.6,6.57,6.6,6.6,12788.0
2012-06-19,6.6,6.65,6.59,6.63,6.63,7149.0
2012-06-20,6.65,6.73,6.65,6.69,6.69,40424.0
2012-06-21,6.69,6.88,6.69,6.8,6.8,53994.0
2012-06-22,6.84,6.84,6.73,6.8,6.8,16410.0
2012-06-25,6.31,6.32,6.2,6.21,6.21,7141.0
2012-06-26,6.25,6.25,6.1,6.2,6.2,12593.0
2012-06-27,6.21,6.22,6.1,6.18,6.18,5773.0
2012-06-28,6.1,6.1,6.03,6.09,6.09,6992.0
2012-06-29,6.06,6.2,6.0,6.14,6.14,6825.0
2012-07-02,6.05,6.12,6.05,6.12,6.12,21.0
2012-07-03,6.08,6.12,6.05,6.06,6.06,4386.0
2012-07-05,6.07,6.1,6.05,6.1,6.1,1906.0
2012-07-06,6.1,6.28,6.09,6.27,6.27,46640.0
2012-07-09,6.27,6.45,6.27,6.45,6.45,124732.0
2012-07-10,6.52,6.65,6.52,6.62,6.62,64503.0
2012-07-11,6.72,6.74,6.56,6.56,6.56,29619.0
2012-07-12,6.55,6.6,6.5,6.53,6.53,19749.0
2012-07-13,6.53,6.53,6.4,6.48,6.48,27225.0
2012-07-16,6.48,6.48,6.39,6.48,6.48,7497.0
2012-07-17,6.42,6.42,6.35,6.39,6.39,26427.0
2012-07-18,6.4,6.48,6.37,6.45,6.45,16715.0
2012-07-19,6.45,6.45,6.37,6.45,6.45,15917.0
2012-07-20,6.4,6.41,6.37,6.39,6.39,31420.0
2012-07-23,6.44,6.44,6.3,6.38,6.38,39641.0
2012-07-24,6.42,6.42,6.23,6.23,6.23,18176.0
2012-07-25,6.23,6.23,6.23,6.23,6.23,0.0
2012-07-26,6.24,6.3,6.2,6.3,6.3,16145.0
2012-07-27,6.3,6.3,6.2,6.23,6.23,19127.0
2012-07-30,6.2,6.32,6.18,6.3,6.3,39241.0
2012-07-31,6.2,6.29,6.18,6.29,6.29,32915.0
2012-08-01,6.27,6.28,6.17,6.28,6.28,27281.0
2012-08-02,6.28,6.28,6.19,6.25,6.25,19053.0
2012-08-03,6.3,6.3,6.2,6.29,6.29,12725.0
2012-08-06,6.27,6.3,6.24,6.25,6.25,7615.0
2012-08-07,6.24,6.24,6.1,6.19,6.19,46374.0
2012-08-08,6.19,6.19,6.14,6.19,6.19,57316.0
2012-08-09,6.15,6.15,6.07,6.14,6.14,22755.0
2012-08-10,6.15,6.16,6.09,6.09,6.09,13265.0
2012-08-13,6.09,6.09,6.09,6.09,6.09,0.0
2012-08-14,6.09,6.19,6.05,6.05,6.05,48475.0
2012-08-15,6.06,6.1,6.0,6.03,6.03,224577.0
2012-08-16,6.02,6.05,5.99,6.05,6.05,95565.0
2012-08-17,6.05,6.05,5.98,6.0,6.0,56113.0
2012-08-20,6.0,6.0,6.0,6.0,6.0,0.0
2012-08-21,6.0,6.0,5.97,6.0,6.0,24207.0
2012-08-22,5.98,6.0,5.96,5.98,5.98,8805.0
2012-08-23,6.04,6.04,5.97,5.98,5.98,4308.0
2012-08-24,6.04,6.04,5.95,6.0,6.0,14324.0
2012-08-27,5.96,5.99,5.92,5.97,5.97,8428.0
2012-08-28,5.98,5.98,5.92,5.94,5.94,3131.0
2012-08-29,5.94,5.94,5.87,5.89,5.89,10882.0
2012-08-30,5.87,5.9,5.85,5.9,5.9,9171.0
2012-08-31,5.9,5.95,5.85,5.95,5.95,8671.0
2012-09-04,5.96,5.98,5.83,5.9,5.9,28753.0
2012-09-05,5.89,5.97,5.85,5.97,5.97,34182.0
2012-09-06,5.9,5.9,5.8,5.87,5.87,26369.0
2012-09-07,5.82,5.88,5.75,5.87,5.87,18198.0
2012-09-10,5.87,5.87,5.78,5.8,5.8,3131.0
2012-09-11,5.8,5.8,5.69,5.8,5.8,35964.0
2012-09-12,5.8,5.97,5.8,5.97,5.97,33702.0
2012-09-13,5.97,5.99,5.9,5.92,5.92,4020.0
2012-09-14,5.96,6.0,5.9,5.92,5.92,5520.0
2012-09-17,5.87,5.87,5.76,5.8,5.8,17341.0
2012-09-18,5.8,5.8,5.72,5.72,5.72,8339.0
2012-09-19,5.73,5.78,5.66,5.67,5.67,20458.0
2012-09-20,5.65,5.7,5.49,5.7,5.7,96571.0
2012-09-21,5.75,5.75,5.67,5.7,5.7,11944.0
2012-09-24,5.7,5.7,5.68,5.68,5.68,9659.0
2012-09-25,5.68,5.68,5.61,5.62,5.62,12486.0
2012-09-26,5.6,5.62,5.59,5.6,5.6,6698.0
2012-09-27,5.6,5.65,5.6,5.64,5.64,5641.0
2012-09-28,5.59,5.66,5.59,5.64,5.64,1395.0
2012-10-01,5.61,5.61,5.55,5.58,5.58,6995.0
2012-10-02,5.55,5.58,5.53,5.58,5.58,14169.0
2012-10-03,5.58,5.59,5.52,5.58,5.58,16397.0
2012-10-04,5.53,5.55,5.51,5.55,5.55,6904.0
2012-10-05,5.6,5.69,5.6,5.65,5.65,91343.0
2012-10-08,5.62,5.62,5.46,5.6,5.6,37436.0
2012-10-09,5.6,5.6,5.5,5.5,5.5,43453.0
2012-10-10,5.5,5.55,5.44,5.46,5.46,27909.0
2012-10-11,5.5,5.5,5.36,5.36,5.36,5269.0
2012-10-12,5.36,5.48,5.34,5.47,5.47,29110.0
2012-10-15,5.47,5.47,5.47,5.47,5.47,0.0
2012-10-16,5.49,5.6,5.47,5.6,5.6,11145.0
2012-10-17,5.6,5.6,5.57,5.59,5.59,2089.0
2012-10-18,5.59,5.6,5.56,5.57,5.57,4510.0
2012-10-19,5.56,5.56,5.42,5.42,5.42,4413.0
2012-10-22,5.48,5.48,5.38,5.46,5.46,5887.0
2012-10-23,5.46,5.56,5.46,5.54,5.54,5388.0
2012-10-24,5.55,5.65,5.55,5.6,5.6,4102.0
2012-10-25,5.6,5.62,5.57,5.62,5.62,900.0
2012-10-26,5.62,5.62,5.62,5.62,5.62,0.0
2012-10-31,5.66,5.66,5.57,5.57,5.57,1329.0
2012-11-01,5.63,5.82,5.63,5.82,5.82,31024.0
2012-11-02,5.7,5.79,5.7,5.7,5.7,5066.0
2012-11-05,5.7,5.79,5.7,5.7,5.7,839.0
2012-11-06,5.75,5.75,5.6,5.7,5.7,1699.0
2012-11-07,5.61,5.7,5.61,5.7,5.7,3288.0
2012-11-08,5.7,5.7,5.62,5.7,5.7,1629.0
2012-11-09,5.7,5.7,5.7,5.7,5.7,0.0
2012-11-12,5.6,5.65,5.6,5.65,5.65,34983.0
2012-11-13,5.56,5.6,5.56,5.6,5.6,6886.0
2012-11-14,5.6,5.6,5.51,5.51,5.51,11569.0
2012-11-15,5.51,5.51,5.51,5.51,5.51,0.0
2012-11-16,5.51,5.51,5.51,5.51,5.51,0.0
2012-11-19,5.5,5.5,5.49,5.5,5.5,9763.0
2012-11-20,5.56,5.56,5.43,5.56,5.56,53987.0
2012-11-21,5.46,5.48,5.4,5.48,5.48,53707.0
2012-11-23,5.5,5.5,5.34,5.47,5.47,15047.0
2012-11-26,5.35,5.46,5.2,5.39,5.39,85005.0
2012-11-27,5.45,5.45,5.29,5.29,5.29,14990.0
2012-11-28,5.3,5.4,5.28,5.28,5.28,15847.0
2012-11-29,5.39,5.39,5.23,5.23,5.23,14280.0
2012-11-30,5.2,5.25,5.2,5.24,5.24,14647.0
2012-12-03,5.24,5.25,5.19,5.25,5.25,54022.0
2012-12-04,5.29,5.29,5.21,5.25,5.25,1779.0
2012-12-05,5.22,5.22,5.08,5.08,5.08,23078.0
2012-12-06,5.1,5.1,5.06,5.1,5.1,25536.0
2012-12-07,5.1,5.25,5.1,5.2,5.2,7421.0
2012-12-10,5.25,5.25,5.15,5.23,5.23,7940.0
2012-12-11,5.26,5.26,5.15,5.23,5.23,20597.0
2012-12-12,5.3,5.3,5.2,5.29,5.29,5772.0
2012-12-13,5.29,5.3,5.15,5.2,5.2,2410.0
2012-12-14,5.2,5.25,5.2,5.25,5.25,39684.0
2012-12-17,5.16,5.25,5.1,5.1,5.1,13213.0
2012-12-18,5.1,5.1,5.08,5.1,5.1,9674.0
2012-12-19,5.09,5.18,5.08,5.12,5.12,13910.0
2012-12-20,5.1,5.1,5.08,5.1,5.1,2144.0
2012-12-21,5.07,5.1,5.06,5.1,5.1,2089.0
2012-12-24,5.1,5.1,5.02,5.02,5.02,6328.0
2012-12-26,5.02,5.14,5.0,5.01,5.01,22143.0
2012-12-27,5.0,5.1,4.96,5.1,5.1,20220.0
2012-12-28,5.1,5.13,5.05,5.13,5.13,9976.0
2012-12-31,5.0,5.13,5.0,5.0,5.0,28594.0
2013-01-02,5.0,5.12,4.99,5.12,5.12,10283.0
2013-01-03,5.25,5.25,5.0,5.12,5.12,52739.0
2013-01-04,5.13,5.2,5.08,5.17,5.17,17323.0
2013-01-07,5.2,5.2,5.05,5.15,5.15,6710.0
2013-01-08,5.15,5.15,5.0,5.0,5.0,100703.0
2013-01-09,5.1,5.1,5.03,5.09,5.09,4935.0
2013-01-10,5.05,5.09,5.0,5.05,5.05,15493.0
2013-01-11,5.05,5.09,5.0,5.02,5.02,21678.0
2013-01-14,5.02,5.02,5.02,5.02,5.02,0.0
2013-01-15,5.01,5.04,5.0,5.0,5.0,25791.0
2013-01-16,5.0,5.08,5.0,5.07,5.07,29988.0
2013-01-17,5.08,5.13,5.06,5.06,5.06,10695.0
2013-01-18,5.08,5.11,5.0,5.11,5.11,47726.0
2013-01-22,5.08,5.09,5.02,5.06,5.06,41985.0
2013-01-23,5.06,5.1,5.05,5.06,5.06,33720.0
2013-01-24,5.06,5.06,5.06,5.06,5.06,0.0
2013-01-25,5.15,5.15,5.06,5.06,5.06,6311.0
2013-01-28,5.05,5.1,5.05,5.06,5.06,5523.0
2013-01-29,5.06,5.07,5.06,5.06,5.06,7706.0
2013-01-30,5.05,5.06,5.02,5.05,5.05,30541.0
2013-01-31,5.03,5.03,4.99,5.0,5.0,39506.0
2013-02-01,5.0,5.0,4.98,5.0,5.0,66413.0
2013-02-04,5.0,5.0,4.97,4.98,4.98,16487.0
2013-02-05,4.98,5.0,4.9,4.97,4.97,56160.0
2013-02-06,4.83,4.85,4.69,4.75,4.75,43248.0
2013-02-07,4.76,4.88,4.76,4.88,4.88,8316.0
2013-02-08,5.0,5.0,4.85,4.95,4.95,18394.0
2013-02-11,5.0,5.0,4.9,4.95,4.95,3690.0
2013-02-12,5.0,5.0,4.9,4.94,4.94,9117.0
2013-02-13,5.0,5.0,4.9,4.99,4.99,9935.0
2013-02-14,4.96,4.97,4.91,4.97,4.97,17554.0
2013-02-15,4.97,4.97,4.89,4.95,4.95,53099.0
2013-02-19,4.97,4.97,4.9,4.97,4.97,37197.0
2013-02-20,4.95,4.96,4.95,4.95,4.95,48319.0
2013-02-21,4.9,4.95,4.9,4.92,4.92,2424.0
2013-02-22,4.85,4.9,4.85,4.9,4.9,5510.0
2013-02-25,4.9,4.9,4.86,4.9,4.9,8485.0
2013-02-26,4.9,4.9,4.87,4.9,4.9,5328.0
2013-02-27,4.86,4.9,4.86,4.9,4.9,4226.0
2013-02-28,4.9,4.9,4.83,4.9,4.9,4658.0
2013-03-01,4.94,4.94,4.86,4.9,4.9,14594.0
2013-03-04,4.89,4.92,4.83,4.92,4.92,9521.0
2013-03-05,4.9,4.9,4.85,4.9,4.9,6330.0
2013-03-06,4.9,4.9,4.85,4.85,4.85,4824.0
2013-03-07,4.85,4.89,4.83,4.83,4.83,11063.0
2013-03-08,4.83,4.83,4.79,4.8,4.8,19467.0
2013-03-11,4.88,5.05,4.88,5.01,5.01,20795.0
2013-03-12,5.04,5.04,5.0,5.0,5.0,10997.0
2013-03-13,5.0,5.0,4.9,4.9,4.9,11427.0
2013-03-14,4.9,4.97,4.87,4.97,4.97,31342.0
2013-03-15,5.0,5.05,4.99,5.04,5.04,6373.0
2013-03-18,5.0,5.24,5.0,5.2,5.2,169654.0
2013-03-19,5.2,5.26,5.18,5.2,5.2,77735.0
2013-03-20,5.2,5.2,5.2,5.2,5.2,0.0
2013-03-21,5.2,5.51,5.19,5.46,5.46,317214.0
2013-03-22,5.46,5.46,5.3,5.4,5.4,115921.0
2013-03-25,5.4,5.49,5.4,5.47,5.47,33660.0
2013-03-26,5.47,5.79,5.47,5.78,5.78,314519.0
2013-03-27,5.79,5.9,5.71,5.81,5.81,103251.0
2013-03-28,5.77,5.84,5.7,5.77,5.77,73596.0
2013-04-01,5.7,5.81,5.68,5.74,5.74,127778.0
2013-04-02,5.79,5.84,5.78,5.83,5.83,73455.0
2013-04-03,5.85,6.18,5.85,6.18,6.18,359158.0
2013-04-04,6.18,6.36,6.1,6.14,6.14,226239.0
2013-04-05,6.1,6.13,6.02,6.02,6.02,58347.0
2013-04-08,6.0,6.02,5.88,5.9,5.9,23884.0
2013-04-09,5.9,5.9,5.9,5.9,5.9,0.0
2013-04-10,5.9,5.99,5.85,5.86,5.86,27307.0
2013-04-11,5.8,5.82,5.7,5.74,5.74,25948.0
2013-04-12,5.7,5.89,5.64,5.74,5.74,12202.0
2013-04-15,5.67,5.69,5.6,5.6,5.6,22147.0
2013-04-16,5.58,5.59,5.42,5.5,5.5,32988.0
2013-04-17,5.4,5.45,5.4,5.45,5.45,11779.0
2013-04-18,5.4,5.57,5.4,5.49,5.49,25268.0
2013-04-19,5.49,5.49,5.36,5.37,5.37,13601.0
2013-04-22,5.37,5.46,5.31,5.31,5.31,11480.0
2013-04-23,5.3,5.4,5.17,5.39,5.39,11948.0
2013-04-24,5.39,5.39,5.3,5.38,5.38,3634.0
2013-04-25,5.31,5.35,5.3,5.3,5.3,4201.0
2013-04-26,5.3,5.31,5.28,5.28,5.28,14014.0
2013-04-29,5.43,5.43,5.22,5.34,5.34,6282.0
2013-04-30,5.26,5.4,5.26,5.35,5.35,10620.0
2013-05-01,5.35,5.35,5.35,5.35,5.35,0.0
2013-05-02,5.4,5.4,5.25,5.25,5.25,26537.0
2013-05-03,5.24,5.25,5.18,5.18,5.18,18054.0
2013-05-06,5.25,5.25,5.1,5.1,5.1,51479.0
2013-05-07,5.11,5.15,5.0,5.1,5.1,96487.0
2013-05-08,5.01,5.1,4.99,5.0,5.0,31706.0
2013-05-09,5.0,5.14,5.0,5.0,5.0,91055.0
2013-05-10,5.0,5.0,4.95,4.95,4.95,34189.0
2013-05-13,4.9,4.95,4.86,4.89,4.89,52267.0
2013-05-14,4.86,5.0,4.83,4.85,4.85,20658.0
2013-05-15,4.85,4.9,4.74,4.9,4.9,43799.0
2013-05-16,4.9,5.0,4.84,4.99,4.99,10962.0
2013-05-17,4.99,4.99,4.91,4.97,4.97,1543.0
2013-05-20,4.9,4.9,4.84,4.84,4.84,15093.0
2013-05-21,4.84,4.85,4.8,4.8,4.8,16240.0
2013-05-22,4.86,4.9,4.77,4.8,4.8,42077.0
2013-05-23,4.97,4.97,4.84,4.85,4.85,21387.0
2013-05-24,4.99,5.0,4.89,4.9,4.9,22187.0
2013-05-28,4.92,5.06,4.89,5.04,5.04,56477.0
2013-05-29,5.11,5.33,5.1,5.17,5.17,257565.0
2013-05-30,5.17,5.17,5.05,5.09,5.09,24086.0
2013-05-31,5.1,5.1,4.95,5.02,5.02,28085.0
2013-06-03,5.1,5.1,5.02,5.02,5.02,24523.0
2013-06-04,5.05,5.05,4.94,4.99,4.99,44338.0
2013-06-05,5.08,5.08,4.93,4.98,4.98,40390.0
2013-06-06,5.0,5.02,4.95,5.0,5.0,50900.0
2013-06-07,5.05,5.05,4.95,4.99,4.99,26570.0
2013-06-10,5.0,5.0,4.89,4.9,4.9,32593.0
2013-06-11,4.9,5.0,4.9,4.97,4.97,16685.0
2013-06-12,4.97,5.02,4.92,4.98,4.98,19912.0
2013-06-13,4.95,4.98,4.91,4.96,4.96,21362.0
2013-06-14,5.02,5.06,4.99,5.04,5.04,33904.0
2013-06-17,5.06,5.17,5.06,5.1,5.1,56650.0
2013-06-18,5.19,5.19,5.09,5.09,5.09,40181.0
2013-06-19,5.14,5.14,5.05,5.12,5.12,6869.0
2013-06-20,5.14,5.17,5.1,5.14,5.14,14661.0
2013-06-21,5.15,5.2,5.1,5.18,5.18,21366.0
2013-06-24,5.22,5.24,5.15,5.15,5.15,72777.0
2013-06-25,4.9,4.9,4.76,4.8,4.8,3053.0
2013-06-26,4.75,4.75,4.61,4.72,4.72,24503.0
2013-06-27,4.64,4.9,4.61,4.82,4.82,48284.0
2013-06-28,4.78,4.81,4.72,4.75,4.75,6149.0
2013-07-01,4.75,4.8,4.72,4.75,4.75,1870.0
2013-07-02,4.75,4.75,4.7,4.72,4.72,12231.0
2013-07-03,4.72,4.86,4.65,4.86,4.86,90061.0
2013-07-05,4.82,4.88,4.7,4.75,4.75,41152.0
2013-07-08,4.7,4.7,4.68,4.7,4.7,4118.0
2013-07-09,4.66,4.8,4.62,4.62,4.62,8582.0
2013-07-10,4.62,4.65,4.6,4.62,4.62,13860.0
2013-07-11,4.63,4.76,4.6,4.75,4.75,18934.0
2013-07-12,4.75,4.78,4.65,4.65,4.65,3297.0
2013-07-15,4.62,4.7,4.62,4.7,4.7,3930.0
2013-07-16,4.7,4.74,4.6,4.66,4.66,8289.0
2013-07-17,4.66,4.68,4.6,4.64,4.64,3444.0
2013-07-18,4.61,4.71,4.6,4.64,4.64,6192.0
2013-07-19,4.7,4.71,4.6,4.7,4.7,19387.0
2013-07-22,4.7,4.73,4.65,4.68,4.68,5251.0
2013-07-23,4.73,4.73,4.59,4.7,4.7,22487.0
2013-07-24,4.7,4.7,4.6,4.65,4.65,28352.0
2013-07-25,4.65,4.65,4.65,4.65,4.65,0.0
2013-07-26,4.55,4.64,4.54,4.54,4.54,13464.0
2013-07-29,4.6,4.6,4.43,4.53,4.53,20519.0
2013-07-30,4.44,4.45,4.44,4.45,4.45,5733.0
2013-07-31,4.44,4.5,4.44,4.5,4.5,15746.0
2013-08-01,4.5,4.59,4.5,4.59,4.59,2956.0
2013-08-02,4.63,4.72,4.63,4.7,4.7,12289.0
2013-08-05,4.57,4.73,4.57,4.7,4.7,6967.0
2013-08-06,4.6,4.74,4.6,4.69,4.69,6200.0
2013-08-07,4.69,4.69,4.69,4.69,4.69,0.0
2013-08-08,4.69,4.69,4.69,4.69,4.69,0.0
2013-08-09,4.69,4.69,4.69,4.69,4.69,0.0
2013-08-12,4.75,4.75,4.6,4.66,4.66,5348.0
2013-08-13,4.66,4.66,4.66,4.66,4.66,0.0
2013-08-14,4.6,4.6,4.5,4.6,4.6,26574.0
2013-08-15,4.6,4.68,4.56,4.6,4.6,5740.0
2013-08-16,4.56,4.67,4.55,4.55,4.55,4853.0
2013-08-19,4.68,4.68,4.56,4.6,4.6,1055.0
2013-08-20,4.55,4.64,4.55,4.6,4.6,6647.0
2013-08-21,4.56,4.73,4.56,4.7,4.7,15437.0
2013-08-22,4.7,4.8,4.6,4.74,4.74,18854.0
2013-08-23,4.75,4.77,4.7,4.7,4.7,10134.0
2013-08-26,4.72,4.72,4.68,4.7,4.7,1476.0
2013-08-27,4.66,4.75,4.65,4.7,4.7,13758.0
2013-08-28,4.7,4.7,4.66,4.68,4.68,2249.0
2013-08-29,4.68,4.68,4.64,4.68,4.68,2319.0
2013-08-30,4.68,4.68,4.68,4.68,4.68,762.0
2013-09-03,4.65,4.69,4.56,4.6,4.6,7086.0
2013-09-04,4.6,4.6,4.6,4.6,4.6,0.0
2013-09-05,4.56,4.6,4.54,4.6,4.6,10890.0
2013-09-06,4.59,4.59,4.56,4.58,4.58,6396.0
2013-09-09,4.57,4.66,4.56,4.58,4.58,6574.0
2013-09-10,4.58,4.64,4.56,4.64,4.64,4789.0
2013-09-11,4.63,4.7,4.6,4.65,4.65,5164.0
2013-09-12,4.65,4.68,4.62,4.64,4.64,8844.0
2013-09-13,4.64,4.69,4.55,4.6,4.6,9208.0
2013-09-16,4.56,4.6,4.52,4.58,4.58,12969.0
2013-09-17,4.58,4.58,4.51,4.53,4.53,7153.0
2013-09-18,4.53,4.53,4.5,4.53,4.53,7675.0
2013-09-19,4.53,4.53,4.47,4.48,4.48,26232.0
2013-09-20,4.48,4.5,4.44,4.44,4.44,27626.0
2013-09-23,4.44,4.44,4.44,4.44,4.44,0.0
2013-09-24,4.43,4.44,4.39,4.44,4.44,7693.0
2013-09-25,4.43,4.43,4.4,4.42,4.42,1142.0
2013-09-26,4.43,4.43,4.38,4.38,4.38,6515.0
2013-09-27,4.38,4.5,4.33,4.36,4.36,4177.0
2013-09-30,4.34,4.45,4.34,4.4,4.4,3134.0
2013-10-01,4.4,4.55,4.4,4.54,4.54,15383.0
2013-10-02,4.55,4.55,4.45,4.5,4.5,10544.0
2013-10-03,4.46,4.48,4.45,4.46,4.46,4652.0
2013-10-04,4.46,4.47,4.43,4.45,4.45,3107.0
2013-10-07,4.49,4.49,4.4,4.44,4.44,6258.0
2013-10-08,4.43,4.44,4.4,4.43,4.43,17526.0
2013-10-09,4.45,4.57,4.44,4.44,4.44,38523.0
2013-10-10,4.53,4.53,4.4,4.44,4.44,15633.0
2013-10-11,4.5,4.5,4.45,4.45,4.45,6500.0
2013-10-14,4.47,4.47,4.44,4.45,4.45,4657.0
2013-10-15,4.45,4.45,4.45,4.45,4.45,0.0
2013-10-16,4.45,4.45,4.45,4.45,4.45,0.0
2013-10-17,4.45,4.47,4.45,4.47,4.47,3001.0
2013-10-18,4.48,4.48,4.43,4.44,4.44,4617.0
2013-10-21,4.5,4.5,4.4,4.5,4.5,11728.0
2013-10-22,4.5,4.5,4.43,4.48,4.48,6965.0
2013-10-23,4.48,4.48,4.44,4.46,4.46,8653.0
2013-10-24,4.46,4.46,4.41,4.43,4.43,5339.0
2013-10-25,4.42,4.46,4.42,4.43,4.43,6905.0
2013-10-28,4.5,4.54,4.44,4.52,4.52,20851.0
2013-10-29,4.52,4.64,4.52,4.64,4.64,40136.0
2013-10-30,4.64,4.64,4.52,4.57,4.57,34278.0
2013-10-31,4.65,4.68,4.55,4.66,4.66,5036.0
2013-11-01,4.66,4.7,4.6,4.6,4.6,7832.0
2013-11-04,4.6,4.6,4.6,4.6,4.6,0.0
2013-11-05,4.6,4.6,4.6,4.6,4.6,0.0
2013-11-06,4.55,4.64,4.55,4.62,4.62,2995.0
2013-11-07,4.62,4.68,4.62,4.64,4.64,3340.0
2013-11-08,4.68,4.72,4.6,4.7,4.7,14748.0
2013-11-11,4.7,4.7,4.65,4.7,4.7,23058.0
2013-11-12,4.7,4.7,4.66,4.69,4.69,12375.0
2013-11-13,4.7,4.7,4.67,4.69,4.69,11946.0
2013-11-14,4.66,4.7,4.65,4.65,4.65,11900.0
2013-11-15,4.65,4.68,4.62,4.62,4.62,6725.0
2013-11-18,4.62,4.63,4.6,4.62,4.62,6231.0
2013-11-19,4.6,4.6,4.57,4.6,4.6,3160.0
2013-11-20,4.59,4.6,4.55,4.58,4.58,3348.0
2013-11-21,4.54,4.6,4.53,4.6,4.6,10186.0
2013-11-22,4.62,4.62,4.55,4.6,4.6,7582.0
2013-11-25,4.6,4.62,4.53,4.61,4.61,2532.0
2013-11-26,4.55,4.59,4.55,4.57,4.57,11615.0
2013-11-27,4.54,4.54,4.48,4.49,4.49,32961.0
2013-11-29,4.49,4.5,4.47,4.49,4.49,15726.0
2013-12-02,4.49,4.49,4.44,4.45,4.45,15879.0
2013-12-03,4.48,4.49,4.44,4.45,4.45,45367.0
2013-12-04,4.42,4.45,4.42,4.43,4.43,7359.0
2013-12-05,4.4,4.43,4.37,4.37,4.37,14603.0
2013-12-06,4.49,4.49,4.37,4.38,4.38,1775.0
2013-12-09,4.38,4.39,4.37,4.38,4.38,2511.0
2013-12-10,4.38,4.38,4.3,4.33,4.33,7114.0
2013-12-11,4.33,4.33,4.3,4.3,4.3,16640.0
2013-12-12,4.32,4.38,4.32,4.33,4.33,3292.0
2013-12-13,4.33,4.37,4.33,4.33,4.33,6262.0
2013-12-16,4.34,4.39,4.34,4.39,4.39,2870.0
2013-12-17,4.39,4.39,4.28,4.3,4.3,10149.0
2013-12-18,4.3,4.3,4.18,4.18,4.18,60397.0
2013-12-19,4.18,4.18,4.15,4.18,4.18,7354.0
2013-12-20,4.18,4.19,4.09,4.14,4.14,25338.0
2013-12-23,4.23,4.31,4.15,4.29,4.29,10723.0
2013-12-24,4.34,4.39,4.3,4.35,4.35,6652.0
2013-12-26,4.36,4.48,4.35,4.38,4.38,45729.0
2013-12-27,4.38,4.38,4.25,4.25,4.25,14724.0
2013-12-30,4.22,4.25,4.19,4.2,4.2,30474.0
2013-12-31,4.32,4.32,4.22,4.32,4.32,19756.0
2014-01-02,4.32,4.33,4.21,4.25,4.25,16707.0
2014-01-03,4.24,4.33,4.23,4.25,4.25,15603.0
2014-01-06,4.22,4.22,4.18,4.2,4.2,5311.0
2014-01-07,4.22,4.34,4.21,4.27,4.27,49392.0
2014-01-08,4.28,4.36,4.28,4.33,4.33,50575.0
2014-01-09,4.33,4.35,4.32,4.32,4.32,11197.0
2014-01-10,4.33,4.43,4.32,4.37,4.37,22298.0
2014-01-13,4.37,4.37,4.37,4.37,4.37,0.0
2014-01-14,4.37,4.37,4.37,4.37,4.37,0.0
2014-01-15,4.44,4.44,4.4,4.43,4.43,7465.0
2014-01-16,4.43,4.47,4.39,4.44,4.44,11150.0
2014-01-17,4.44,4.5,4.44,4.45,4.45,18142.0
2014-01-21,4.54,4.55,4.38,4.4,4.4,15838.0
2014-01-22,4.4,4.4,4.36,4.39,4.39,18922.0
2014-01-23,4.39,4.44,4.39,4.4,4.4,5816.0
2014-01-24,4.4,4.47,4.39,4.4,4.4,17087.0
2014-01-27,4.4,4.5,4.4,4.45,4.45,41342.0
2014-01-28,4.49,4.51,4.42,4.45,4.45,20638.0
2014-01-29,4.52,4.53,4.41,4.41,4.41,5481.0
2014-01-30,4.49,4.49,4.42,4.42,4.42,7002.0
2014-01-31,4.42,4.47,4.42,4.45,4.45,12355.0
2014-02-03,4.5,4.5,4.44,4.44,4.44,11540.0
2014-02-04,4.44,4.48,4.43,4.48,4.48,22270.0
2014-02-05,4.5,4.62,4.5,4.52,4.52,31136.0
2014-02-06,4.53,4.62,4.53,4.58,4.58,21372.0
2014-02-07,4.58,4.67,4.58,4.66,4.66,34473.0
2014-02-10,4.7,4.8,4.69,4.78,4.78,71358.0
2014-02-11,4.78,4.78,4.68,4.72,4.72,28819.0
2014-02-12,4.75,4.75,4.65,4.7,4.7,21614.0
2014-02-13,4.77,4.77,4.63,4.63,4.63,14220.0
2014-02-14,4.67,4.75,4.63,4.68,4.68,25007.0
2014-02-18,4.7,4.72,4.64,4.67,4.67,47614.0
2014-02-19,4.65,4.68,4.6,4.65,4.65,11541.0
2014-02-20,4.65,4.69,4.65,4.69,4.69,12953.0
2014-02-21,4.66,4.7,4.66,4.7,4.7,15941.0
2014-02-24,4.7,4.7,4.6,4.7,4.7,19124.0
2014-02-25,4.61,4.62,4.58,4.61,4.61,13145.0
2014-02-26,4.68,4.68,4.58,4.6,4.6,16548.0
2014-02-27,4.61,4.68,4.61,4.64,4.64,8929.0
2014-02-28,4.66,4.72,4.64,4.71,4.71,33224.0
2014-03-03,4.7,4.71,4.67,4.67,4.67,5929.0
2014-03-04,4.65,4.67,4.61,4.67,4.67,11448.0
2014-03-05,4.61,4.62,4.6,4.6,4.6,9554.0
2014-03-06,4.61,4.65,4.59,4.65,4.65,13969.0
2014-03-07,4.65,4.65,4.65,4.65,4.65,0.0
2014-03-10,4.63,4.63,4.55,4.6,4.6,5667.0
2014-03-11,4.57,4.59,4.55,4.59,4.59,3730.0
2014-03-12,4.56,4.56,4.5,4.54,4.54,10578.0
2014-03-13,4.52,4.59,4.47,4.57,4.57,7580.0
2014-03-14,4.54,4.61,4.51,4.54,4.54,2868.0
2014-03-17,4.54,4.59,4.54,4.59,4.59,2071.0
2014-03-18,4.6,4.6,4.56,4.58,4.58,2099.0
2014-03-19,4.58,4.58,4.45,4.45,4.45,80842.0
2014-03-20,4.45,4.45,4.45,4.45,4.45,0.0
2014-03-21,4.55,4.55,4.44,4.52,4.52,13748.0
2014-03-24,4.57,4.57,4.49,4.57,4.57,6133.0
2014-03-25,4.56,4.57,4.52,4.56,4.56,1716.0
2014-03-26,4.54,4.56,4.52,4.56,4.56,6247.0
2014-03-27,4.52,4.55,4.51,4.51,4.51,1687.0
2014-03-28,4.5,4.54,4.47,4.53,4.53,4661.0
2014-03-31,4.5,4.53,4.48,4.53,4.53,7844.0
2014-04-01,4.49,4.53,4.49,4.5,4.5,2328.0
2014-04-02,4.55,4.55,4.45,4.5,4.5,17100.0
2014-04-03,4.5,4.5,4.46,4.5,4.5,68076.0
2014-04-04,4.5,4.5,4.47,4.5,4.5,6492.0
2014-04-07,4.5,4.5,4.47,4.49,4.49,9440.0
2014-04-08,4.47,4.48,4.45,4.45,4.45,11034.0
2014-04-09,4.45,4.45,4.45,4.45,4.45,0.0
2014-04-10,4.45,4.5,4.45,4.48,4.48,3648.0
2014-04-11,4.45,4.47,4.44,4.45,4.45,3317.0
2014-04-14,4.45,4.45,4.39,4.39,4.39,10958.0
2014-04-15,4.37,4.37,4.28,4.3,4.3,60640.0
2014-04-16,4.3,4.3,4.28,4.3,4.3,18834.0
2014-04-17,4.3,4.3,4.25,4.28,4.28,39946.0
2014-04-21,4.25,4.38,4.24,4.29,4.29,17012.0
2014-04-22,4.27,4.4,4.25,4.37,4.37,3724.0
2014-04-23,4.37,4.39,4.3,4.3,4.3,7965.0
2014-04-24,4.32,4.36,4.29,4.32,4.32,7721.0
2014-04-25,4.27,4.32,4.26,4.3,4.3,9137.0
2014-04-28,4.3,4.42,4.25,4.39,4.39,13529.0
2014-04-29,4.39,4.39,4.26,4.27,4.27,12263.0
2014-04-30,4.28,4.28,4.22,4.22,4.22,21128.0
2014-05-01,4.22,4.22,4.22,4.22,4.22,0.0
2014-05-02,4.23,4.26,4.22,4.26,4.26,23854.0
2014-05-05,4.26,4.33,4.18,4.2,4.2,18537.0
2014-05-06,4.2,4.22,4.18,4.2,4.2,9772.0
2014-05-07,4.2,4.21,4.18,4.18,4.18,24609.0
2014-05-08,4.16,4.2,4.16,4.2,4.2,3707.0
2014-05-09,4.19,4.2,4.19,4.19,4.19,1942.0
2014-05-12,4.19,4.2,4.18,4.19,4.19,1783.0
2014-05-13,4.2,4.2,4.13,4.19,4.19,7953.0
2014-05-14,4.2,4.2,4.19,4.19,4.19,3310.0
2014-05-15,4.2,4.2,4.17,4.2,4.2,4047.0
2014-05-16,4.2,4.27,4.17,4.2,4.2,3360.0
2014-05-19,4.2,4.2,4.2,4.2,4.2,0.0
2014-05-20,4.2,4.2,4.2,4.2,4.2,0.0
2014-05-21,4.2,4.2,4.2,4.2,4.2,0.0
2014-05-22,4.2,4.2,4.2,4.2,4.2,0.0
2014-05-23,4.2,4.2,4.2,4.2,4.2,0.0
2014-05-27,4.2,4.2,4.2,4.2,4.2,0.0
2014-05-28,4.2,4.2,4.2,4.2,4.2,0.0
2014-05-29,4.2,4.2,4.2,4.2,4.2,0.0
2014-05-30,4.36,4.36,4.29,4.33,4.33,14173.0
2014-06-02,4.33,4.33,4.33,4.33,4.33,0.0
2014-06-03,4.33,4.33,4.33,4.33,4.33,0.0
2014-06-04,4.34,4.35,4.26,4.33,4.33,21037.0
2014-06-05,4.33,4.33,4.33,4.33,4.33,0.0
2014-06-06,4.33,4.33,4.33,4.33,4.33,0.0
2014-06-09,4.33,4.33,4.33,4.33,4.33,0.0
2014-06-10,4.33,4.33,4.33,4.33,4.33,0.0
2014-06-11,4.33,4.33,4.33,4.33,4.33,0.0
2014-06-12,4.33,4.33,4.33,4.33,4.33,0.0
2014-06-13,4.33,4.33,4.33,4.33,4.33,0.0
2014-06-16,4.33,4.33,4.33,4.33,4.33,0.0
2014-06-17,4.33,4.33,4.33,4.33,4.33,0.0
2014-06-18,4.33,4.33,4.33,4.33,4.33,0.0
2014-06-19,4.33,4.33,4.33,4.33,4.33,0.0
2014-06-20,4.33,4.33,4.33,4.33,4.33,0.0
2014-06-23,4.33,4.33,4.33,4.33,4.33,0.0
2014-06-24,4.33,4.33,4.33,4.33,4.33,0.0
2014-06-25,4.33,4.33,4.33,4.33,4.33,0.0
2014-06-26,4.43,4.46,4.43,4.43,4.43,7313.0
2014-06-27,4.43,4.43,4.4,4.4,4.4,2894.0
2014-06-30,4.43,4.46,4.4,4.46,4.46,27042.0
2014-07-01,4.43,4.46,4.4,4.46,4.46,27042.0
2014-07-02,4.43,4.45,4.4,4.43,4.43,20611.0
2014-07-03,4.2,4.23,4.2,4.2,4.2,3645.0
2014-07-07,4.26,4.26,4.17,4.17,4.17,4094.0
2014-07-08,4.17,4.2,4.16,4.2,4.2,6985.0
2014-07-09,4.25,4.25,4.2,4.2,4.2,8337.0
2014-07-10,4.2,4.25,4.2,4.25,4.25,1758.0
2014-07-11,4.23,4.26,4.22,4.23,4.23,1914.0
2014-07-14,4.29,4.29,4.23,4.26,4.26,1234.0
2014-07-15,4.21,4.26,4.21,4.25,4.25,1166.0
2014-07-16,4.25,4.25,4.2,4.2,4.2,78838.0
2014-07-17,4.2,4.2,4.18,4.2,4.2,10082.0
2014-07-18,4.2,4.2,4.18,4.2,4.2,2665.0
2014-07-21,4.2,4.2,4.17,4.2,4.2,1332.0
2014-07-22,4.2,4.22,4.15,4.19,4.19,1987.0
2014-07-23,4.19,4.19,4.18,4.18,4.18,4018.0
2014-07-24,4.18,4.18,4.18,4.18,4.18,4202.0
2014-07-25,4.18,4.18,4.18,4.18,4.18,0.0
2014-07-28,4.18,4.18,4.18,4.18,4.18,0.0
2014-07-29,4.18,4.18,4.18,4.18,4.18,0.0
2014-07-30,4.18,4.18,4.18,4.18,4.18,0.0
2014-07-31,4.19,4.2,4.18,4.18,4.18,11591.0
2014-08-01,4.19,4.2,4.19,4.2,4.2,10206.0
2014-08-04,4.27,4.27,4.17,4.19,4.19,2874.0
2014-08-05,4.19,4.2,4.19,4.2,4.2,3760.0
2014-08-06,4.2,4.21,4.2,4.2,4.2,1050.0
2014-08-07,4.19,4.24,4.17,4.24,4.24,3342.0
2014-08-08,4.24,4.27,4.2,4.24,4.24,15315.0
2014-08-11,4.24,4.27,4.19,4.2,4.2,10284.0
2014-08-12,4.2,4.21,4.18,4.2,4.2,40793.0
2014-08-13,4.2,4.2,4.2,4.2,4.2,0.0
2014-08-14,4.2,4.2,4.18,4.2,4.2,5523.0
2014-08-15,4.2,4.21,4.2,4.21,4.21,10560.0
2014-08-18,4.22,4.25,4.2,4.25,4.25,12603.0
2014-08-19,4.2,4.24,4.2,4.24,4.24,283.0
2014-08-20,4.2,4.22,4.19,4.2,4.2,4447.0
2014-08-21,4.2,4.22,4.19,4.2,4.2,5418.0
2014-08-22,4.2,4.21,4.19,4.21,4.21,3552.0
2014-08-25,4.18,4.2,4.18,4.2,4.2,8356.0
2014-08-26,4.2,4.25,4.19,4.23,4.23,24368.0
2014-08-27,4.23,4.23,4.2,4.22,4.22,13033.0
2014-08-28,4.22,4.24,4.22,4.22,4.22,11729.0
2014-08-29,4.21,4.25,4.21,4.25,4.25,6380.0
2014-09-02,4.25,4.27,4.19,4.25,4.25,61470.0
2014-09-03,4.25,4.25,4.2,4.25,4.25,15850.0
2014-09-04,4.25,4.26,4.2,4.25,4.25,4511.0
2014-09-05,4.24,4.26,4.24,4.25,4.25,12412.0
2014-09-08,4.2,4.25,4.2,4.25,4.25,13726.0
2014-09-09,4.22,4.26,4.22,4.25,4.25,3126.0
2014-09-10,4.25,4.28,4.2,4.25,4.25,9036.0
2014-09-11,4.21,4.25,4.2,4.25,4.25,26818.0
2014-09-12,4.25,4.25,4.25,4.25,4.25,0.0
2014-09-15,4.2,4.25,4.2,4.25,4.25,8224.0
2014-09-16,4.25,4.25,4.22,4.25,4.25,16683.0
2014-09-17,4.22,4.25,4.19,4.25,4.25,7991.0
2014-09-18,4.2,4.25,4.2,4.25,4.25,13519.0
2014-09-19,4.25,4.25,4.21,4.25,4.25,14727.0
2014-09-22,4.23,4.27,4.23,4.25,4.25,8112.0
2014-09-23,4.24,4.25,4.24,4.25,4.25,4910.0
2014-09-24,4.24,4.25,4.24,4.25,4.25,26900.0
2014-09-25,4.24,4.26,4.23,4.26,4.26,22795.0
2014-09-26,4.25,4.25,4.25,4.25,4.25,10394.0
2014-09-29,4.25,4.25,4.25,4.25,4.25,11324.0
2014-09-30,4.25,4.26,4.25,4.25,4.25,21456.0
2014-10-01,4.26,4.26,4.25,4.25,4.25,580.0
2014-10-02,4.25,4.25,4.25,4.25,4.25,0.0
2014-10-03,4.26,4.27,4.2,4.2,4.2,1990.0
2014-10-06,4.25,4.26,4.2,4.26,4.26,3292.0
2014-10-07,4.17,4.25,4.17,4.25,4.25,9679.0
2014-10-08,4.25,4.25,4.18,4.19,4.19,1743.0
2014-10-09,4.19,4.25,4.19,4.2,4.2,9685.0
2014-10-10,4.26,4.27,4.2,4.25,4.25,11808.0
2014-10-13,4.25,4.25,4.25,4.25,4.25,1960.0
2014-10-14,4.2,4.2,4.2,4.2,4.2,50.0
2014-10-15,4.2,4.2,4.2,4.2,4.2,0.0
2014-10-16,4.19,4.25,4.18,4.25,4.25,7121.0
2014-10-17,4.25,4.25,4.25,4.25,4.25,3551.0
2014-10-20,4.25,4.25,4.21,4.25,4.25,69666.0
2014-10-21,4.23,4.26,4.23,4.26,4.26,2740.0
2014-10-22,4.22,4.22,4.22,4.22,4.22,3250.0
2014-10-23,4.24,4.24,4.2,4.22,4.22,14217.0
2014-10-24,4.22,4.22,4.22,4.22,4.22,0.0
2014-10-27,4.24,4.45,4.24,4.37,4.37,49356.0
2014-10-28,4.45,4.49,4.4,4.4,4.4,11954.0
2014-10-29,4.45,4.45,4.4,4.43,4.43,7328.0
2014-10-30,4.43,4.43,4.32,4.35,4.35,7487.0
2014-10-31,4.34,4.34,4.25,4.3,4.3,4598.0
2014-11-03,4.3,4.4,4.27,4.3,4.3,2911.0
2014-11-04,4.3,4.38,4.28,4.38,4.38,5515.0
2014-11-05,4.38,4.44,4.31,4.38,4.38,2929.0
2014-11-06,4.3,4.36,4.3,4.36,4.36,3139.0
2014-11-07,4.3,4.35,4.3,4.34,4.34,3022.0
2014-11-10,4.32,4.34,4.3,4.3,4.3,7043.0
2014-11-11,4.3,4.3,4.3,4.3,4.3,0.0
2014-11-12,4.3,4.33,4.3,4.3,4.3,9066.0
2014-11-13,4.32,4.35,4.32,4.33,4.33,1187.0
2014-11-14,4.33,4.33,4.33,4.33,4.33,0.0
2014-11-17,4.33,4.33,4.33,4.33,4.33,0.0
2014-11-18,4.28,4.28,4.27,4.27,4.27,3710.0
2014-11-19,4.27,4.27,4.25,4.27,4.27,2300.0
2014-11-20,4.27,4.3,4.25,4.3,4.3,1382.0
2014-11-21,4.3,4.32,4.3,4.32,4.32,8708.0
2014-11-24,4.35,4.39,4.25,4.25,4.25,53779.0
2014-11-25,4.25,4.25,4.25,4.25,4.25,0.0
2014-11-26,4.3,4.3,4.3,4.3,4.3,440.0
2014-11-28,4.3,4.3,4.3,4.3,4.3,2829.0
2014-12-01,4.25,4.25,4.25,4.25,4.25,95464.0
2014-12-02,4.25,4.25,4.25,4.25,4.25,453074.0
2014-12-03,4.25,4.25,4.25,4.25,4.25,0.0
2014-12-04,4.25,4.25,4.25,4.25,4.25,0.0
2014-12-05,4.25,4.25,4.25,4.25,4.25,3769.0
2014-12-08,4.25,4.28,4.25,4.25,4.25,1428.0
2014-12-09,4.25,4.25,4.25,4.25,4.25,0.0
2014-12-10,4.3,4.34,4.28,4.33,4.33,2575.0
2014-12-11,4.32,4.32,4.28,4.29,4.29,4379.0
2014-12-12,4.28,4.32,4.28,4.32,4.32,3648.0
2014-12-15,4.3,4.35,4.25,4.3,4.3,16417.0
2014-12-16,4.34,4.37,4.34,4.35,4.35,3745.0
2014-12-17,4.35,4.35,4.29,4.29,4.29,13401.0
2014-12-18,4.29,4.29,4.29,4.29,4.29,0.0
2014-12-19,4.34,4.38,4.3,4.3,4.3,24617.0
2014-12-22,4.4,4.48,4.4,4.4,4.4,9489.0
2014-12-23,4.4,4.4,4.35,4.35,4.35,1562.0
2014-12-24,4.35,4.35,4.35,4.35,4.35,0.0
2014-12-26,4.35,4.38,4.35,4.35,4.35,3873.0
2014-12-29,4.32,4.34,4.32,4.33,4.33,1948.0
2014-12-30,4.32,4.33,4.28,4.32,4.32,2654.0
2014-12-31,4.32,4.32,4.32,4.32,4.32,0.0
2015-01-02,4.32,4.34,4.29,4.34,4.34,5281.0
2015-01-05,4.29,4.34,4.21,4.26,4.26,17905.0
2015-01-06,4.21,4.33,4.21,4.33,4.33,9247.0
2015-01-07,4.35,4.35,4.24,4.3,4.3,11404.0
2015-01-08,4.22,4.33,4.21,4.25,4.25,7641.0
2015-01-09,4.22,4.24,4.2,4.21,4.21,19327.0
2015-01-12,4.19,4.25,4.19,4.2,4.2,7365.0
2015-01-13,4.2,4.27,4.2,4.27,4.27,2076.0
2015-01-14,4.27,4.27,4.27,4.27,4.27,0.0
2015-01-15,4.24,4.24,4.18,4.18,4.18,9864.0
2015-01-16,4.18,4.2,4.18,4.18,4.18,10071.0
2015-01-20,4.18,4.21,4.17,4.21,4.21,5526.0
2015-01-21,4.2,4.2,4.17,4.2,4.2,8586.0
2015-01-22,4.19,4.19,4.17,4.19,4.19,6243.0
2015-01-23,4.19,4.19,4.19,4.19,4.19,0.0
2015-01-26,4.19,4.25,4.18,4.25,4.25,4590.0
2015-01-27,4.2,4.25,4.2,4.2,4.2,6269.0
2015-01-28,4.2,4.2,4.2,4.2,4.2,0.0
2015-01-29,4.24,4.24,4.19,4.22,4.22,7177.0
2015-01-30,4.18,4.2,4.18,4.2,4.2,4470.0
2015-02-02,4.2,4.2,4.17,4.2,4.2,6858.0
2015-02-03,4.2,4.2,4.17,4.19,4.19,3047.0
2015-02-04,4.16,4.16,4.15,4.15,4.15,6129.0
2015-02-05,4.15,4.15,4.15,4.15,4.15,0.0
2015-02-06,4.15,4.2,4.15,4.2,4.2,50368.0
2015-02-09,4.2,4.24,4.2,4.2,4.2,290.0
2015-02-10,4.2,4.2,4.2,4.2,4.2,0.0
2015-02-11,4.17,4.19,4.16,4.18,4.18,4784.0
2015-02-12,4.18,4.18,4.18,4.18,4.18,0.0
2015-02-13,4.18,4.2,4.13,4.16,4.16,10145.0
2015-02-17,4.16,4.16,4.16,4.16,4.16,2276.0
2015-02-18,4.16,4.25,4.16,4.2,4.2,6790.0
2015-02-19,4.24,4.24,4.17,4.17,4.17,4735.0
2015-02-20,4.17,4.18,4.15,4.16,4.16,18304.0
2015-02-23,4.15,4.18,4.15,4.18,4.18,10536.0
2015-02-24,4.18,4.2,4.18,4.18,4.18,6092.0
2015-02-25,4.18,4.18,4.18,4.18,4.18,0.0
2015-02-26,4.15,4.15,4.13,4.14,4.14,9545.0
2015-02-27,4.14,4.15,4.13,4.13,4.13,9365.0
2015-03-02,4.11,4.2,4.11,4.19,4.19,8233.0
2015-03-03,4.13,4.14,4.11,4.12,4.12,8393.0
2015-03-04,4.12,4.18,4.1,4.18,4.18,5973.0
2015-03-05,4.15,4.15,4.07,4.1,4.1,9818.0
2015-03-06,4.1,4.18,4.09,4.14,4.14,1903.0
2015-03-09,4.08,4.15,4.08,4.15,4.15,2174.0
2015-03-10,4.1,4.14,4.07,4.07,4.07,7491.0
2015-03-11,4.07,4.07,4.07,4.07,4.07,0.0
2015-03-12,4.18,4.24,4.18,4.24,4.24,14280.0
2015-03-13,4.24,4.24,4.24,4.24,4.24,0.0
2015-03-16,4.17,4.2,4.08,4.17,4.17,6984.0
2015-03-17,4.17,4.17,4.09,4.1,4.1,8895.0
2015-03-18,4.17,4.17,4.05,4.05,4.05,8603.0
2015-03-19,4.06,4.1,4.03,4.1,4.1,9970.0
2015-03-20,4.1,4.1,4.1,4.1,4.1,0.0
2015-03-23,4.1,4.1,4.06,4.06,4.06,3964.0
2015-03-24,4.09,4.1,4.07,4.09,4.09,2564.0
2015-03-25,4.07,4.1,4.07,4.1,4.1,4280.0
2015-03-26,4.1,4.1,4.1,4.1,4.1,0.0
2015-03-27,4.1,4.1,4.1,4.1,4.1,0.0
2015-03-30,4.1,4.1,4.1,4.1,4.1,0.0
2015-03-31,4.1,4.1,4.1,4.1,4.1,0.0
2015-04-01,4.1,4.1,4.1,4.1,4.1,0.0
2015-04-02,4.1,4.1,4.1,4.1,4.1,0.0
2015-04-06,4.1,4.1,4.1,4.1,4.1,0.0
2015-04-07,4.1,4.1,4.1,4.1,4.1,0.0
2015-04-08,4.1,4.1,4.1,4.1,4.1,0.0
2015-04-09,4.1,4.1,4.1,4.1,4.1,0.0
2015-04-10,4.1,4.1,4.1,4.1,4.1,0.0
2015-04-13,4.1,4.1,4.1,4.1,4.1,0.0
2015-04-14,4.1,4.1,4.1,4.1,4.1,0.0
2015-04-15,4.1,4.1,4.1,4.1,4.1,0.0
2015-04-16,4.1,4.1,4.1,4.1,4.1,0.0
2015-04-17,4.1,4.1,4.1,4.1,4.1,0.0
2015-04-20,4.1,4.1,4.1,4.1,4.1,0.0
2015-04-21,3.0,3.0,3.0,3.0,3.0,90.0
2015-04-22,3.0,3.0,3.0,3.0,3.0,0.0
2015-04-23,3.1,3.5,3.1,3.5,3.5,381.0
2015-04-24,3.5,3.5,3.5,3.5,3.5,0.0
2015-04-27,3.5,3.5,3.5,3.5,3.5,20.0
2015-04-28,3.5,3.5,3.5,3.5,3.5,0.0
2015-04-29,3.5,3.5,3.5,3.5,3.5,0.0
2015-04-30,3.5,3.5,3.5,3.5,3.5,10.0
2015-05-01,3.5,3.5,3.5,3.5,3.5,0.0
2015-05-04,3.5,3.5,3.5,3.5,3.5,2005.0
2015-05-05,3.5,3.5,3.5,3.5,3.5,0.0
2015-05-06,3.5,3.5,3.5,3.5,3.5,0.0
2015-05-07,3.5,3.5,3.5,3.5,3.5,0.0
2015-05-08,3.5,3.5,3.5,3.5,3.5,0.0
2015-05-11,3.5,3.5,3.5,3.5,3.5,5.0
2015-05-12,3.5,3.5,3.5,3.5,3.5,0.0
2015-05-13,3.5,3.5,3.5,3.5,3.5,0.0
2015-05-14,3.5,3.5,3.5,3.5,3.5,0.0
2015-05-15,3.5,3.5,3.5,3.5,3.5,0.0
2015-05-18,3.5,3.5,3.49,3.49,3.49,155.0
2015-05-19,3.5,3.5,3.49,3.5,3.5,1005.0
2015-05-20,3.5,3.5,3.5,3.5,3.5,0.0
2015-05-21,3.5,3.5,3.5,3.5,3.5,0.0
2015-05-22,3.5,3.5,3.49,3.5,3.5,3005.0
2015-05-26,3.5,3.5,3.5,3.5,3.5,0.0
2015-05-27,3.5,3.5,3.5,3.5,3.5,0.0
2015-05-28,3.5,3.5,3.5,3.5,3.5,0.0
2015-05-29,3.5,3.5,3.5,3.5,3.5,0.0
2015-06-01,3.5,3.5,3.5,3.5,3.5,0.0
2015-06-02,3.5,3.5,3.49,3.5,3.5,3634.0
2015-06-03,3.49,3.49,3.4,3.49,3.49,847.0
2015-06-04,3.49,3.49,3.49,3.49,3.49,0.0
2015-06-05,3.49,3.49,3.49,3.49,3.49,0.0
2015-06-08,3.49,3.49,3.49,3.49,3.49,0.0
2015-06-09,3.49,3.55,3.49,3.55,3.55,5650.0
2015-06-10,3.5,3.5,3.5,3.5,3.5,105.0
2015-06-11,3.5,3.5,3.5,3.5,3.5,0.0
2015-06-12,3.49,3.56,3.49,3.56,3.56,8550.0
2015-06-15,3.56,3.56,3.56,3.56,3.56,0.0
2015-06-16,3.56,3.56,3.56,3.56,3.56,0.0
2015-06-17,3.56,3.56,3.56,3.56,3.56,0.0
2015-06-18,3.57,3.58,3.57,3.58,3.58,3411.0
2015-06-19,3.58,3.6,3.57,3.6,3.6,1621.0
2015-06-22,3.6,3.6,3.59,3.6,3.6,70.0
2015-06-23,3.6,3.6,3.59,3.6,3.6,130.0
2015-06-24,3.6,3.6,3.59,3.59,3.59,35.0
2015-06-25,3.6,3.6,3.6,3.6,3.6,310.0
2015-06-26,3.6,3.74,3.59,3.74,3.74,6428.0
2015-06-29,3.7,3.7,3.69,3.7,3.7,1637.0
2015-06-30,3.7,3.7,3.7,3.7,3.7,0.0
2015-07-01,3.7,3.7,3.7,3.7,3.7,0.0
2015-07-02,3.7,4.2,3.5,3.5,3.5,9242.0
2015-07-06,3.5,3.85,3.5,3.55,3.55,1695.0
2015-07-07,3.6,3.6,3.6,3.6,3.6,20.0
2015-07-08,3.6,3.6,3.6,3.6,3.6,0.0
2015-07-09,3.61,3.61,3.61,3.61,3.61,20.0
2015-07-10,3.62,4.11,3.61,3.85,3.85,6328.0
2015-07-13,3.8,3.8,3.5,3.5,3.5,2337.0
2015-07-14,3.45,3.45,3.4,3.4,3.4,574.0
2015-07-15,3.45,3.55,3.45,3.55,3.55,130.0
2015-07-16,3.6,3.6,3.46,3.46,3.46,25.0
2015-07-17,3.45,3.45,3.45,3.45,3.45,15.0
2015-07-20,3.45,3.45,3.45,3.45,3.45,0.0
2015-07-21,3.61,3.9,3.38,3.46,3.46,2001.0
2015-07-22,3.46,3.46,3.46,3.46,3.46,0.0
2015-07-23,3.46,3.46,3.46,3.46,3.46,0.0
2015-07-24,3.55,3.55,3.45,3.45,3.45,1170.0
2015-07-27,3.45,3.45,3.45,3.45,3.45,12.0
2015-07-28,3.45,3.45,3.45,3.45,3.45,30.0
2015-07-29,3.45,3.45,3.45,3.45,3.45,20.0
2015-07-30,3.45,3.45,3.45,3.45,3.45,15.0
2015-07-31,3.45,3.45,3.45,3.45,3.45,0.0
2015-08-03,3.46,3.46,3.44,3.44,3.44,20.0
2015-08-04,3.44,3.44,3.44,3.44,3.44,0.0
2015-08-05,3.44,3.44,3.44,3.44,3.44,0.0
2015-08-06,3.44,3.44,3.44,3.44,3.44,10.0
2015-08-07,3.44,3.44,3.38,3.38,3.38,73.0
2015-08-10,3.36,3.36,3.05,3.05,3.05,1808.0
2015-08-11,3.17,3.25,3.17,3.25,3.25,100.0
2015-08-12,3.25,3.25,3.25,3.25,3.25,0.0
2015-08-13,3.25,3.25,3.25,3.25,3.25,0.0
2015-08-14,3.19,3.19,3.19,3.19,3.19,10.0
2015-08-17,3.19,3.19,3.19,3.19,3.19,10.0
2015-08-18,3.19,3.19,3.19,3.19,3.19,0.0
2015-08-19,3.19,3.19,3.19,3.19,3.19,15.0
2015-08-20,3.22,3.22,3.22,3.22,3.22,15.0
2015-08-21,3.22,3.22,3.22,3.22,3.22,10.0
2015-08-24,3.22,3.22,3.22,3.22,3.22,10.0
2015-08-25,3.2,3.2,3.2,3.2,3.2,10.0
2015-08-26,3.2,3.2,3.2,3.2,3.2,0.0
2015-08-27,3.2,3.2,3.2,3.2,3.2,15.0
2015-08-28,3.2,3.2,3.2,3.2,3.2,0.0
2015-08-31,3.2,3.2,3.2,3.2,3.2,0.0
2015-09-01,3.2,3.2,3.2,3.2,3.2,0.0
2015-09-02,3.23,3.23,3.23,3.23,3.23,15.0
2015-09-03,3.23,3.23,3.23,3.23,3.23,0.0
2015-09-04,3.23,3.23,3.23,3.23,3.23,0.0
2015-09-08,3.2,3.2,3.0,3.06,3.06,1406.0
2015-09-09,3.06,3.06,3.06,3.06,3.06,10.0
2015-09-10,3.06,3.06,3.06,3.06,3.06,0.0
2015-09-11,3.06,3.07,3.05,3.07,3.07,116.0
2015-09-14,3.08,3.08,3.08,3.08,3.08,10.0
2015-09-15,3.08,3.08,3.07,3.07,3.07,104.0
2015-09-16,3.07,3.07,3.07,3.07,3.07,0.0
2015-09-17,3.07,3.07,3.07,3.07,3.07,0.0
2015-09-18,3.07,3.07,3.07,3.07,3.07,0.0
2015-09-21,3.1,3.1,3.1,3.1,3.1,10.0
2015-09-22,3.1,3.1,3.1,3.1,3.1,0.0
2015-09-23,3.1,3.1,3.1,3.1,3.1,0.0
2015-09-24,3.1,3.1,3.1,3.1,3.1,0.0
2015-09-25,3.1,3.1,3.1,3.1,3.1,0.0
2015-09-28,3.1,3.1,3.1,3.1,3.1,0.0
2015-09-29,3.1,3.1,3.1,3.1,3.1,0.0
2015-09-30,3.25,3.25,2.95,3.09,3.09,1718.0
2015-10-01,3.09,3.09,3.09,3.09,3.09,0.0
2015-10-02,3.04,3.11,3.04,3.11,3.11,339.0
2015-10-05,3.11,3.11,3.11,3.11,3.11,0.0
2015-10-06,3.15,3.15,3.15,3.15,3.15,6.0
2015-10-07,3.15,3.15,3.15,3.15,3.15,0.0
2015-10-08,3.15,3.15,3.15,3.15,3.15,0.0
2015-10-09,3.15,3.15,3.15,3.15,3.15,0.0
2015-10-12,3.16,3.16,3.16,3.16,3.16,5.0
2015-10-13,3.16,3.16,3.16,3.16,3.16,0.0
2015-10-14,3.16,3.16,3.16,3.16,3.16,0.0
2015-10-15,3.16,3.16,3.16,3.16,3.16,0.0
2015-10-16,3.16,3.16,3.16,3.16,3.16,0.0
2015-10-19,3.16,3.16,3.16,3.16,3.16,0.0
2015-10-20,3.16,3.16,3.16,3.16,3.16,5.0
2015-10-21,3.16,3.16,3.16,3.16,3.16,0.0
2015-10-22,3.16,3.16,3.16,3.16,3.16,0.0
2015-10-23,3.16,3.16,3.16,3.16,3.16,10.0
2015-10-26,3.0,3.0,2.94,2.94,2.94,713.0
2015-10-27,2.94,2.94,2.94,2.94,2.94,0.0
2015-10-28,2.96,2.96,2.85,2.85,2.85,726.0
2015-10-29,2.73,2.73,2.62,2.73,2.73,798.0
2015-10-30,2.81,3.25,2.81,3.25,3.25,716.0
2015-11-02,3.9,3.9,3.02,3.02,3.02,867.0
2015-11-03,3.02,3.02,3.02,3.02,3.02,0.0
2015-11-04,2.8,2.8,2.8,2.8,2.8,592.0
2015-11-05,2.8,2.8,2.8,2.8,2.8,0.0
2015-11-06,2.8,2.8,2.8,2.8,2.8,0.0
2015-11-09,2.8,2.8,2.8,2.8,2.8,0.0
2015-11-10,2.8,2.8,2.8,2.8,2.8,0.0
2015-11-11,2.8,2.8,2.8,2.8,2.8,0.0
2015-11-12,2.8,2.8,2.8,2.8,2.8,0.0
2015-11-13,2.8,2.8,2.8,2.8,2.8,0.0
2015-11-16,1.83,1.83,1.47,1.47,1.47,3299.0
2015-11-17,1.5,1.8,1.5,1.79,1.79,390.0
2015-11-18,1.79,1.79,1.7,1.79,1.79,30.0
2015-11-19,1.79,1.79,1.79,1.79,1.79,0.0
2015-11-20,1.79,1.79,1.79,1.79,1.79,0.0
2015-11-23,1.44,1.44,1.24,1.4,1.4,1960.0
2015-11-24,1.26,1.26,1.11,1.11,1.11,319.0
2015-11-25,1.11,1.11,1.11,1.11,1.11,0.0
2015-11-27,1.11,1.11,1.11,1.11,1.11,0.0
2015-11-30,0.9,0.9,0.85,0.85,0.85,2000.0
2015-12-01,0.85,0.85,0.85,0.85,0.85,0.0
2015-12-02,0.85,0.85,0.85,0.85,0.85,0.0
2015-12-03,0.85,0.85,0.85,0.85,0.85,0.0
2015-12-04,0.76,0.76,0.76,0.76,0.76,10.0
2015-12-07,0.76,0.76,0.76,0.76,0.76,0.0
2015-12-08,0.76,0.76,0.76,0.76,0.76,0.0
2015-12-09,0.76,0.76,0.76,0.76,0.76,0.0
2015-12-10,0.76,0.76,0.76,0.76,0.76,0.0
2015-12-11,0.76,0.76,0.76,0.76,0.76,0.0
2015-12-14,0.76,0.76,0.76,0.76,0.76,0.0
2015-12-15,0.76,0.76,0.76,0.76,0.76,0.0
2015-12-16,0.76,0.76,0.76,0.76,0.76,0.0
2015-12-17,0.76,0.76,0.76,0.76,0.76,0.0
2015-12-18,0.78,0.78,0.78,0.78,0.78,4.0
2015-12-21,0.78,0.78,0.78,0.78,0.78,6.0
2015-12-22,0.78,0.78,0.78,0.78,0.78,7.0
2015-12-23,0.78,0.78,0.78,0.78,0.78,0.0
2015-12-24,0.78,0.78,0.78,0.78,0.78,0.0
2015-12-28,0.78,0.78,0.78,0.78,0.78,0.0
2015-12-29,0.78,0.78,0.78,0.78,0.78,28.0
2015-12-30,0.78,0.78,0.78,0.78,0.78,0.0
2015-12-31,0.78,0.78,0.78,0.78,0.78,0.0
2016-01-04,0.78,0.78,0.78,0.78,0.78,6.0
2016-01-05,0.78,0.78,0.78,0.78,0.78,0.0
2016-01-06,0.78,0.78,0.78,0.78,0.78,0.0
2016-01-07,0.78,0.78,0.78,0.78,0.78,0.0
2016-01-08,0.7,0.7,0.63,0.63,0.63,1529.0
2016-01-11,0.63,0.63,0.63,0.63,0.63,0.0
2016-01-12,0.56,0.56,0.46,0.46,0.46,4492.0
2016-01-13,0.46,0.46,0.46,0.46,0.46,3730.0
2016-01-14,0.46,0.46,0.46,0.46,0.46,0.0
2016-01-15,0.46,0.46,0.46,0.46,0.46,0.0
2016-01-19,0.46,0.46,0.46,0.46,0.46,0.0
2016-01-20,0.37,0.37,0.3,0.3,0.3,7339.0
2016-01-21,0.32,0.32,0.32,0.32,0.32,1234.0
2016-01-22,0.32,0.32,0.32,0.32,0.32,0.0
2016-01-25,0.32,0.32,0.32,0.32,0.32,0.0
2016-01-26,0.32,0.38,0.32,0.37,0.37,8700.0
2016-01-27,0.37,0.4,0.37,0.37,0.37,10451.0
2016-01-28,0.4,0.46,0.4,0.46,0.46,7708.0
2016-01-29,0.46,0.46,0.46,0.46,0.46,0.0
2016-02-01,0.55,0.66,0.55,0.66,0.66,6644.0
2016-02-02,0.75,0.94,0.75,0.94,0.94,3122.0
2016-02-03,1.12,1.34,1.12,1.34,1.34,3548.0
2016-02-04,1.5,1.8,1.3,1.3,1.3,6334.0
2016-02-05,1.3,1.3,1.3,1.3,1.3,0.0
2016-02-08,1.04,1.29,1.04,1.29,1.29,1467.0
2016-02-09,1.29,1.44,1.29,1.43,1.43,1483.0
2016-02-10,1.43,1.43,1.15,1.2,1.2,2245.0
2016-02-11,1.2,1.2,1.05,1.2,1.2,1553.0
2016-02-12,1.05,1.2,1.05,1.2,1.2,1101.0
2016-02-16,1.2,1.43,1.15,1.25,1.25,3430.0
2016-02-17,1.25,1.25,1.25,1.25,1.25,0.0
2016-02-18,1.25,1.25,1.25,1.25,1.25,0.0
2016-02-19,1.25,1.25,1.25,1.25,1.25,0.0
2016-02-22,1.25,1.25,1.25,1.25,1.25,0.0
2016-02-23,1.25,1.25,1.25,1.25,1.25,0.0
2016-02-24,1.25,1.25,1.25,1.25,1.25,0.0
2016-02-25,1.25,1.39,1.25,1.39,1.39,759.0
2016-02-26,1.36,1.36,1.36,1.36,1.36,1.0
2016-02-29,1.36,1.36,1.36,1.36,1.36,0.0
2016-03-01,1.36,1.36,1.36,1.36,1.36,198.0
2016-03-02,1.39,1.62,1.39,1.55,1.55,2104.0
2016-03-03,1.55,1.86,1.45,1.6,1.6,2613.0
2016-03-04,1.45,1.45,1.45,1.45,1.45,1.0
2016-03-07,1.45,1.45,1.17,1.2,1.2,1632.0
2016-03-08,1.2,1.2,0.9,0.9,0.9,4245.0
2016-03-09,0.85,0.85,0.85,0.85,0.85,4234.0
2016-03-10,1.02,1.02,0.83,0.83,0.83,4706.0
2016-03-11,0.73,0.84,0.68,0.71,0.71,7914.0
2016-03-14,0.72,0.85,0.72,0.85,0.85,1788.0
2016-03-15,1.01,1.2,0.72,0.72,0.72,4667.0
2016-03-16,0.65,0.65,0.62,0.65,0.65,9069.0
2016-03-17,0.62,0.62,0.62,0.62,0.62,361.0
2016-03-18,0.7,0.7,0.7,0.7,0.7,1429.0
2016-03-21,0.75,0.75,0.75,0.75,0.75,1482.0
2016-03-22,0.75,0.75,0.75,0.75,0.75,318.0
2016-03-23,0.75,0.77,0.75,0.77,0.77,1499.0
2016-03-24,0.72,0.72,0.72,0.72,0.72,1389.0
2016-03-28,0.72,0.72,0.72,0.72,0.72,0.0
2016-03-29,0.66,0.79,0.59,0.79,0.79,11499.0
2016-03-30,0.85,1.0,0.85,1.0,1.0,2319.0
2016-03-31,1.2,1.34,1.19,1.19,1.19,10992.0
2016-04-01,1.15,1.28,0.92,1.23,1.23,3875.0
2016-04-04,1.1,1.1,0.99,1.09,1.09,1700.0
2016-04-05,1.09,1.09,1.09,1.09,1.09,0.0
2016-04-06,1.1,1.1,0.98,1.0,1.0,2038.0
2016-04-07,0.91,0.91,0.91,0.91,0.91,187.0
2016-04-08,0.91,0.91,0.91,0.91,0.91,0.0
2016-04-11,1.0,1.0,1.0,1.0,1.0,1000.0
2016-04-12,1.13,1.13,1.07,1.13,1.13,120.0
2016-04-13,1.0,1.0,1.0,1.0,1.0,350.0
2016-04-14,1.0,1.0,0.99,0.99,0.99,1990.0
2016-04-15,1.0,1.0,0.94,0.94,0.94,398.0
2016-04-18,0.93,0.93,0.92,0.92,0.92,1287.0
2016-04-19,0.92,0.92,0.92,0.92,0.92,0.0
2016-04-20,0.83,0.83,0.82,0.82,0.82,2012.0
2016-04-21,0.83,0.99,0.83,0.99,0.99,1620.0
2016-04-22,0.9,1.0,0.87,1.0,1.0,1843.0
2016-04-25,1.0,1.0,1.0,1.0,1.0,0.0
2016-04-26,0.93,0.95,0.9,0.95,0.95,1145.0
2016-04-27,0.85,0.9,0.83,0.87,0.87,3651.0
2016-04-28,0.87,0.87,0.87,0.87,0.87,750.0
2016-04-29,0.83,0.83,0.83,0.83,0.83,200.0
2016-05-02,0.72,0.86,0.72,0.86,0.86,2689.0
2016-05-03,0.86,0.86,0.86,0.86,0.86,0.0
2016-05-04,0.86,0.86,0.86,0.86,0.86,0.0
2016-05-05,0.82,0.95,0.82,0.95,0.95,2483.0
2016-05-06,0.95,1.14,0.95,1.14,1.14,400.0
2016-05-09,1.29,1.29,1.09,1.29,1.29,1618.0
2016-05-10,1.29,1.29,1.29,1.29,1.29,0.0
2016-05-11,1.2,1.33,1.2,1.33,1.33,6917.0
2016-05-12,1.14,1.32,1.13,1.32,1.32,1510.0
2016-05-13,1.29,1.32,1.29,1.32,1.32,5174.0
2016-05-16,1.33,1.33,1.33,1.33,1.33,20.0
2016-05-17,1.0,1.0,1.0,1.0,1.0,2938.0
2016-05-18,0.99,0.99,0.89,0.89,0.89,1691.0
2016-05-19,0.88,0.96,0.87,0.96,0.96,6922.0
2016-05-20,0.99,1.08,0.93,1.0,1.0,8856.0
2016-05-23,1.02,1.02,1.02,1.02,1.02,500.0
2016-05-24,1.03,1.09,1.03,1.09,1.09,1000.0
2016-05-25,1.09,1.09,1.09,1.09,1.09,0.0
2016-05-26,1.09,1.09,1.09,1.09,1.09,0.0
2016-05-27,1.28,1.28,1.03,1.14,1.14,2889.0
2016-05-31,1.14,1.36,1.14,1.18,1.18,1580.0
2016-06-01,1.05,1.05,1.05,1.05,1.05,500.0
2016-06-02,1.0,1.0,1.0,1.0,1.0,5000.0
2016-06-03,0.97,1.0,0.97,1.0,1.0,1339.0
2016-06-06,1.09,1.09,0.99,1.0,1.0,6579.0
2016-06-07,1.01,1.01,1.0,1.0,1.0,6247.0
2016-06-08,1.0,1.0,1.0,1.0,1.0,0.0
2016-06-09,1.0,1.0,1.0,1.0,1.0,0.0
2016-06-10,1.0,1.0,1.0,1.0,1.0,0.0
2016-06-13,1.0,1.0,1.0,1.0,1.0,0.0
2016-06-14,1.0,1.0,1.0,1.0,1.0,3029.0
2016-06-15,1.0,1.0,1.0,1.0,1.0,0.0
2016-06-16,1.0,1.0,1.0,1.0,1.0,0.0
2016-06-17,1.0,1.0,1.0,1.0,1.0,0.0
2016-06-20,1.0,1.0,1.0,1.0,1.0,0.0
2016-06-21,1.0,1.0,1.0,1.0,1.0,0.0
2016-06-22,0.95,0.95,0.95,0.95,0.95,500.0
2016-06-23,0.95,0.95,0.95,0.95,0.95,0.0
2016-06-24,0.95,0.95,0.95,0.95,0.95,0.0
2016-06-27,1.0,1.1,0.96,1.1,1.1,1500.0
2016-06-28,1.05,1.05,0.92,0.92,0.92,1000.0
2016-06-29,0.93,0.93,0.9,0.9,0.9,3000.0
2016-06-30,0.9,0.9,0.9,0.9,0.9,0.0
2016-07-01,0.9,0.9,0.9,0.9,0.9,0.0
2016-07-05,0.9,0.9,0.9,0.9,0.9,1000.0
2016-07-06,0.9,0.9,0.9,0.9,0.9,0.0
2016-07-07,0.9,0.9,0.9,0.9,0.9,75.0
2016-07-08,0.9,0.9,0.9,0.9,0.9,0.0
2016-07-11,0.9,0.96,0.9,0.96,0.96,350339.0
2016-07-12,0.9,0.9,0.9,0.9,0.9,5990.0
2016-07-13,0.9,0.9,0.9,0.9,0.9,0.0
2016-07-14,0.89,0.89,0.89,0.89,0.89,50.0
2016-07-15,0.89,0.89,0.89,0.89,0.89,2000.0
2016-07-18,0.89,0.89,0.89,0.89,0.89,210.0
2016-07-19,0.89,0.89,0.89,0.89,0.89,0.0
2016-07-20,0.89,0.89,0.89,0.89,0.89,0.0
2016-07-21,0.89,0.89,0.89,0.89,0.89,0.0
2016-07-22,0.89,0.89,0.89,0.89,0.89,179.0
2016-07-25,0.89,0.89,0.89,0.89,0.89,0.0
2016-07-26,0.89,0.89,0.89,0.89,0.89,0.0
2016-07-27,0.89,0.89,0.89,0.89,0.89,0.0
2016-07-28,0.89,0.89,0.89,0.89,0.89,0.0
2016-07-29,0.89,0.89,0.89,0.89,0.89,0.0
2016-08-01,0.89,0.89,0.89,0.89,0.89,0.0
2016-08-02,0.89,0.89,0.89,0.89,0.89,0.0
2016-08-03,0.89,0.89,0.89,0.89,0.89,0.0
2016-08-04,0.89,0.89,0.89,0.89,0.89,0.0
2016-08-05,0.89,0.89,0.89,0.89,0.89,0.0
2016-08-08,0.96,0.96,0.87,0.87,0.87,2692.0
2016-08-09,0.87,0.87,0.87,0.87,0.87,1000.0
2016-08-10,0.87,1.02,0.87,1.02,1.02,1151.0
2016-08-11,1.02,1.02,1.02,1.02,1.02,0.0
2016-08-12,0.9,0.9,0.87,0.87,0.87,1118.0
2016-08-15,0.87,0.87,0.87,0.87,0.87,0.0
2016-08-16,0.87,0.87,0.87,0.87,0.87,0.0
2016-08-17,2.95,2.95,2.92,2.94,2.94,81138.0
2016-08-18,2.92,2.94,2.9,2.94,2.94,3764.0
2016-08-19,2.94,2.94,2.93,2.93,2.93,873.0
2016-08-22,2.93,2.94,2.93,2.94,2.94,291.0
2016-08-23,2.92,2.99,2.92,2.95,2.95,5935.0
2016-08-24,0.87,0.87,0.87,0.87,0.87,0.0
2016-08-25,2.94,2.94,2.9,2.94,2.94,7964.0
2016-08-26,2.9,2.94,2.9,2.94,2.94,2939.0
2016-08-29,2.92,2.95,2.9,2.95,2.95,7738.0
2016-08-30,0.87,0.87,0.87,0.87,0.87,0.0
2016-08-31,2.95,2.97,2.92,2.96,2.96,4145.0
2016-09-01,2.96,2.97,2.96,2.96,2.96,4592.0
2016-09-02,2.95,2.96,2.95,2.96,2.96,4904.0
2016-09-06,2.96,2.96,2.91,2.91,2.91,12720.0
2016-09-07,2.92,2.92,2.9,2.92,2.92,4698.0
2016-09-08,0.63,0.63,0.63,0.63,0.63,1572.0
2016-09-09,0.59,0.6,0.59,0.6,0.6,31707.0
2016-09-12,0.6,0.6,0.6,0.6,0.6,0.0
2016-09-13,0.6,0.6,0.6,0.6,0.6,0.0
2016-09-14,0.65,0.68,0.64,0.64,0.64,1900.0
2016-09-15,2.92,2.92,2.9,2.92,2.92,1231.0
2016-09-16,2.91,2.93,2.9,2.91,2.91,22710.0
2016-09-19,2.88,2.9,2.88,2.89,2.89,10841.0
2016-09-20,2.89,2.9,2.88,2.89,2.89,5320.0
2016-09-21,2.88,2.89,2.86,2.87,2.87,4893.0
2016-09-22,2.87,2.95,2.85,2.94,2.94,18315.0
2016-09-23,2.95,2.95,2.9,2.94,2.94,11242.0
2016-09-26,2.92,2.92,2.89,2.91,2.91,1463.0
2016-09-27,2.91,2.91,2.88,2.88,2.88,13283.0
2016-09-28,2.9,2.9,2.8,2.81,2.81,16458.0
2016-09-29,2.8,2.88,2.8,2.88,2.88,37627.0
2016-09-30,0.46,0.46,0.37,0.39,0.39,223021.0
2016-10-03,0.42,0.42,0.34,0.38,0.38,76835.0
2016-10-04,2.85,2.95,2.83,2.93,2.93,19562.0
2016-10-05,0.38,0.45,0.32,0.35,0.35,267355.0
2016-10-06,0.33,0.38,0.32,0.33,0.33,67785.0
2016-10-07,0.33,0.46,0.32,0.36,0.36,177073.0
2016-10-10,0.38,0.54,0.37,0.54,0.54,374938.0
2016-10-11,0.6,0.7,0.54,0.6,0.6,503962.0
2016-10-12,0.59,0.7,0.53,0.66,0.66,331043.0
2016-10-13,2.94,2.94,2.9,2.91,2.91,8958.0
2016-10-14,2.89,2.93,2.87,2.93,2.93,5428.0
2016-10-17,2.9,2.94,2.88,2.88,2.88,10042.0
2016-10-18,2.9,2.9,2.88,2.88,2.88,2668.0
2016-10-19,2.87,2.9,2.85,2.9,2.9,11704.0
2016-10-20,2.89,2.89,2.88,2.88,2.88,7533.0
2016-10-21,2.9,2.9,2.85,2.89,2.89,15329.0
2016-10-24,2.9,2.92,2.89,2.89,2.89,7716.0
2016-10-25,2.88,2.88,2.84,2.88,2.88,20982.0
2016-10-26,2.88,2.88,2.85,2.88,2.88,8284.0
2016-10-27,2.86,2.88,2.85,2.88,2.88,14989.0
2016-10-28,2.86,2.89,2.86,2.88,2.88,16553.0
2016-10-31,0.47,0.5,0.46,0.47,0.47,42600.0
2016-11-01,2.86,2.88,2.83,2.87,2.87,28582.0
2016-11-02,2.86,2.87,2.85,2.87,2.87,26552.0
2016-11-03,2.86,2.87,2.83,2.87,2.87,41460.0
2016-11-04,2.85,2.85,2.84,2.84,2.84,21665.0
2016-11-07,2.84,2.84,2.84,2.84,2.84,26976.0
2016-11-08,2.85,2.87,2.84,2.86,2.86,19248.0
2016-11-09,2.87,2.87,2.83,2.86,2.86,19956.0
2016-11-10,2.83,2.87,2.83,2.87,2.87,7237.0
2016-11-11,2.83,2.87,2.81,2.85,2.85,36685.0
2016-11-14,2.83,2.85,2.81,2.85,2.85,14018.0
2016-11-15,2.84,2.85,2.82,2.85,2.85,8917.0
2016-11-16,0.33,0.34,0.28,0.29,0.29,161969.0
2016-11-17,0.28,0.3,0.25,0.27,0.27,106779.0
2016-11-18,2.82,2.83,2.81,2.81,2.81,32161.0
2016-11-21,2.82,2.82,2.81,2.81,2.81,24103.0
2016-11-22,2.81,2.82,2.8,2.81,2.81,29057.0
2016-11-23,0.24,0.24,0.21,0.24,0.24,206550.0
2016-11-25,2.82,2.87,2.8,2.87,2.87,20286.0
2016-11-28,0.25,0.25,0.23,0.25,0.25,50821.0
2016-11-29,0.25,0.3,0.25,0.27,0.27,160099.0
2016-11-30,0.26,0.31,0.26,0.3,0.3,114675.0
2016-12-01,0.28,0.3,0.23,0.26,0.26,185948.0
2016-12-02,2.87,2.87,2.8,2.85,2.85,17091.0
2016-12-05,0.24,0.27,0.24,0.26,0.26,33756.0
2016-12-06,0.26,0.26,0.24,0.26,0.26,58011.0
2016-12-07,0.26,0.26,0.24,0.24,0.24,72613.0
2016-12-08,0.23,0.24,0.23,0.24,0.24,24118.0
2016-12-09,0.25,0.25,0.25,0.25,0.25,13511.0
2016-12-12,0.24,0.24,0.23,0.23,0.23,11224.0
2016-12-13,0.24,0.28,0.24,0.27,0.27,127164.0
2016-12-14,0.28,0.31,0.26,0.3,0.3,97113.0
2016-12-15,2.84,2.86,2.83,2.83,2.83,8746.0
2016-12-16,0.26,0.27,0.26,0.27,0.27,39127.0
2016-12-19,0.26,0.26,0.26,0.26,0.26,30100.0
2016-12-20,2.83,2.85,2.82,2.85,2.85,10998.0
2016-12-21,2.85,2.85,2.82,2.83,2.83,6120.0
2016-12-22,2.83,2.85,2.82,2.83,2.83,16173.0
2016-12-23,2.83,2.83,2.83,2.83,2.83,6507.0
2016-12-27,2.82,2.83,2.8,2.82,2.82,34572.0
2016-12-28,2.82,2.83,2.81,2.82,2.82,4445.0
2016-12-29,2.81,2.84,2.81,2.84,2.84,10336.0
2016-12-30,2.83,2.84,2.83,2.83,2.83,22146.0
2017-01-03,2.8,2.85,2.8,2.83,2.83,41671.0
2017-01-04,2.84,2.84,2.82,2.83,2.83,22526.0
2017-01-05,2.83,2.85,2.82,2.83,2.83,28181.0
2017-01-06,2.83,2.83,2.8,2.82,2.82,16499.0
2017-01-09,2.83,2.83,2.82,2.83,2.83,11464.0
2017-01-10,2.83,2.84,2.81,2.83,2.83,19271.0
2017-01-11,2.83,2.85,2.81,2.85,2.85,1421.0
2017-01-12,2.81,2.85,2.81,2.84,2.84,27763.0
2017-01-13,2.84,2.85,2.8,2.84,2.84,3261.0
2017-01-17,2.82,3.0,2.82,3.0,3.0,152542.0
2017-01-18,3.0,3.08,2.93,2.99,2.99,68566.0
2017-01-19,2.95,2.99,2.93,2.97,2.97,13886.0
2017-01-20,2.97,3.0,2.97,2.97,2.97,24896.0
2017-01-23,2.96,2.99,2.95,2.95,2.95,9252.0
2017-01-24,2.97,2.97,2.94,2.96,2.96,7937.0
2017-01-25,2.94,2.96,2.9,2.9,2.9,7216.0
2017-01-26,2.92,2.92,2.85,2.9,2.9,65658.0
2017-01-27,2.88,2.96,2.88,2.93,2.93,3441.0
2017-01-30,2.88,2.93,2.88,2.93,2.93,2252.0
2017-01-31,2.93,2.93,2.9,2.93,2.93,56030.0
2017-02-01,0.11,0.11,0.11,0.11,0.11,0.0
2017-02-02,2.93,2.93,2.9,2.9,2.9,4839.0
2017-02-03,2.91,2.93,2.9,2.9,2.9,8889.0
2017-02-06,0.11,0.11,0.11,0.11,0.11,0.0
2017-02-07,0.11,0.11,0.11,0.11,0.11,0.0
2017-02-08,2.9,2.92,2.86,2.9,2.9,17702.0
2017-02-09,2.92,2.93,2.9,2.93,2.93,33763.0
2017-02-10,0.11,0.11,0.11,0.11,0.11,0.0
2017-02-13,2.94,2.94,2.9,2.93,2.93,3210.0
2017-02-14,2.94,2.99,2.93,2.95,2.95,61341.0
2017-02-15,2.95,2.98,2.94,2.94,2.94,21739.0
2017-02-16,0.11,0.11,0.11,0.11,0.11,0.0
2017-02-17,0.11,0.11,0.11,0.11,0.11,0.0
2017-02-21,0.11,2.96,0.11,2.95,2.95,13650.0
2017-02-22,0.11,0.11,0.11,0.11,0.11,0.0
2017-02-23,0.11,0.11,0.11,0.11,0.11,0.0
2017-02-24,2.9,2.95,2.9,2.95,2.95,26647.0
2017-02-27,0.11,0.11,0.11,0.11,0.11,0.0
2017-02-28,0.11,0.11,0.11,0.11,0.11,0.0
2017-03-01,2.9,2.94,2.9,2.9,2.9,23589.0
2017-03-02,0.11,0.11,0.11,0.11,0.11,0.0
2017-03-03,0.11,0.11,0.11,0.11,0.11,0.0
2017-03-06,2.92,2.93,2.92,2.92,2.92,9694.0
2017-03-07,0.11,0.11,0.11,0.11,0.11,0.0
2017-03-08,0.11,0.11,0.11,0.11,0.11,0.0
2017-03-09,2.9,2.91,2.89,2.9,2.9,15410.0
2017-03-10,2.9,2.92,2.9,2.92,2.92,9556.0
2017-03-13,2.92,2.95,2.92,2.93,2.93,24370.0
2017-03-14,2.95,2.95,2.95,2.95,2.95,2965.0
2017-03-15,2.94,2.94,2.9,2.92,2.92,911.0
2017-03-16,2.91,2.91,2.89,2.9,2.9,12739.0
2017-03-17,2.89,2.89,2.88,2.89,2.89,25552.0
2017-03-20,0.11,0.11,0.11,0.11,0.11,0.0
2017-03-21,2.89,2.89,2.87,2.87,2.87,17203.0
2017-03-22,2.87,2.87,2.84,2.84,2.84,42421.0
2017-03-23,2.85,2.88,2.82,2.85,2.85,14754.0
2017-03-24,0.11,0.11,0.11,0.11,0.11,0.0
2017-03-27,0.11,0.11,0.11,0.11,0.11,0.0
2017-03-28,2.85,2.89,2.85,2.85,2.85,59934.0
2017-03-29,0.11,0.11,0.11,0.11,0.11,0.0
2017-03-30,0.11,0.11,0.11,0.11,0.11,0.0
2017-03-31,0.11,0.11,0.11,0.11,0.11,0.0
2017-04-03,2.84,2.87,2.84,2.87,2.87,14557.0
2017-04-04,2.86,2.87,2.85,2.87,2.87,16768.0
2017-04-05,0.11,0.11,0.11,0.11,0.11,0.0
2017-04-06,2.86,2.87,2.85,2.87,2.87,43453.0
2017-04-07,0.11,0.11,0.11,0.11,0.11,0.0
2017-04-10,0.11,0.11,0.11,0.11,0.11,0.0
2017-04-11,0.11,0.11,0.11,0.11,0.11,0.0
2017-04-12,0.11,0.11,0.11,0.11,0.11,0.0
2017-04-13,0.11,0.11,0.11,0.11,0.11,0.0
2017-04-17,0.11,2.92,0.11,2.92,2.92,0.0
2017-04-18,0.11,0.11,0.11,0.11,0.11,0.0
2017-04-19,2.88,2.91,2.88,2.9,2.9,7383.0
2017-04-20,2.91,2.95,2.91,2.93,2.93,8307.0
2017-04-21,2.95,2.95,2.9,2.94,2.94,13750.0
2017-04-24,0.11,0.11,0.11,0.11,0.11,0.0
2017-04-25,0.11,0.11,0.11,0.11,0.11,0.0
2017-04-26,0.11,0.11,0.11,0.11,0.11,0.0
2017-04-27,0.11,0.11,0.11,0.11,0.11,0.0
2017-04-28,0.11,0.11,0.11,0.11,0.11,0.0
2017-05-01,0.11,0.11,0.11,0.11,0.11,0.0
2017-05-02,0.11,0.11,0.11,0.11,0.11,0.0
2017-05-03,0.11,0.11,0.11,0.11,0.11,0.0
2017-05-04,0.11,0.11,0.11,0.11,0.11,0.0
2017-05-05,0.11,0.11,0.11,0.11,0.11,0.0
2017-05-08,0.11,0.11,0.11,0.11,0.11,0.0
2017-05-09,0.11,0.11,0.11,0.11,0.11,0.0
2017-05-10,0.11,0.11,0.11,0.11,0.11,0.0
2017-05-11,0.11,0.11,0.11,0.11,0.11,0.0
2017-05-12,0.11,0.11,0.11,0.11,0.11,0.0
2017-05-15,0.11,0.11,0.11,0.11,0.11,0.0
2017-05-16,0.11,0.11,0.11,0.11,0.11,0.0
2017-05-17,0.11,0.11,0.11,0.11,0.11,0.0
2017-05-18,0.11,0.11,0.11,0.11,0.11,0.0
2017-05-19,0.11,0.11,0.11,0.11,0.11,0.0
2017-05-22,0.11,0.11,0.11,0.11,0.11,0.0
2017-05-23,0.11,0.11,0.11,0.11,0.11,0.0
2017-05-24,0.11,0.11,0.11,0.11,0.11,0.0
2017-05-25,0.11,0.11,0.11,0.11,0.11,0.0
2017-05-26,0.11,0.11,0.11,0.11,0.11,0.0
2017-05-30,0.11,0.11,0.11,0.11,0.11,0.0
2017-05-31,0.11,0.11,0.11,0.11,0.11,0.0
2017-06-01,0.11,0.11,0.11,0.11,0.11,0.0
2017-06-02,0.11,0.11,0.11,0.11,0.11,0.0
2017-06-05,0.11,0.11,0.11,0.11,0.11,0.0
2017-06-06,0.11,0.11,0.11,0.11,0.11,0.0
2017-06-07,0.11,0.11,0.11,0.11,0.11,0.0
2017-06-08,0.11,0.11,0.11,0.11,0.11,0.0
2017-06-09,0.11,0.11,0.11,0.11,0.11,0.0
2017-06-12,0.11,0.11,0.11,0.11,0.11,0.0
2017-06-13,0.11,0.11,0.11,0.11,0.11,0.0
2017-06-14,0.11,0.11,0.11,0.11,0.11,0.0
2017-06-15,0.11,0.11,0.11,0.11,0.11,0.0
2017-06-16,0.11,0.11,0.11,0.11,0.11,0.0
2017-06-19,0.11,0.11,0.11,0.11,0.11,0.0
2017-06-20,0.11,0.11,0.11,0.11,0.11,0.0
2017-06-21,0.11,0.11,0.11,0.11,0.11,0.0
2017-06-22,0.11,0.11,0.11,0.11,0.11,0.0
2017-06-23,0.11,0.11,0.11,0.11,0.11,0.0
2017-06-26,0.11,0.11,0.11,0.11,0.11,0.0
2017-06-27,0.11,0.11,0.11,0.11,0.11,0.0
2017-06-28,0.11,0.11,0.11,0.11,0.11,0.0
2017-06-29,0.11,0.11,0.11,0.11,0.11,0.0
2017-06-30,0.11,0.11,0.11,0.11,0.11,0.0
2017-07-03,0.11,0.11,0.11,0.11,0.11,0.0
2017-07-05,0.11,0.11,0.11,0.11,0.11,0.0
2017-07-06,0.11,0.11,0.11,0.11,0.11,0.0
2017-07-07,0.11,0.11,0.11,0.11,0.11,0.0
2017-07-10,0.11,0.11,0.11,0.11,0.11,0.0
2017-07-11,0.11,0.11,0.11,0.11,0.11,0.0
2017-07-12,0.11,0.11,0.11,0.11,0.11,0.0
2017-07-13,0.11,0.11,0.11,0.11,0.11,0.0
2017-07-14,0.11,0.11,0.11,0.11,0.11,0.0
2017-07-17,0.11,0.11,0.11,0.11,0.11,0.0
2017-07-18,0.11,0.11,0.11,0.11,0.11,0.0
2017-07-19,0.11,0.11,0.11,0.11,0.11,0.0
2017-07-20,0.11,0.11,0.11,0.11,0.11,0.0
2017-07-21,0.11,0.11,0.11,0.11,0.11,0.0
2017-07-24,2.89,2.89,2.86,2.87,2.87,4792.0
2017-07-25,0.11,0.11,0.11,0.11,0.11,0.0
2017-07-26,0.11,0.11,0.11,0.11,0.11,0.0
2017-07-27,0.11,0.11,0.11,0.11,0.11,0.0
2017-07-28,0.11,0.11,0.11,0.11,0.11,0.0
2017-07-31,0.11,0.11,0.11,0.11,0.11,0.0
2017-08-01,0.11,0.11,0.11,0.11,0.11,0.0
2017-08-02,0.11,0.11,0.11,0.11,0.11,0.0
2017-08-03,0.11,0.11,0.11,0.11,0.11,0.0
2017-08-04,0.11,0.11,0.11,0.11,0.11,0.0
2017-08-07,0.11,0.11,0.11,0.11,0.11,0.0
2017-08-08,0.11,0.11,0.11,0.11,0.11,0.0
2017-08-09,0.11,0.11,0.11,0.11,0.11,0.0
2017-08-10,0.11,0.11,0.11,0.11,0.11,0.0
2017-08-11,0.11,0.11,0.11,0.11,0.11,0.0
2017-08-14,0.11,0.11,0.11,0.11,0.11,0.0
2017-08-15,0.11,0.11,0.11,0.11,0.11,0.0
2017-08-16,0.11,0.11,0.11,0.11,0.11,0.0
2017-08-17,0.11,0.11,0.11,0.11,0.11,0.0
2017-08-18,0.11,0.11,0.11,0.11,0.11,0.0
2017-08-21,0.11,0.11,0.11,0.11,0.11,0.0
2017-08-22,0.11,0.11,0.11,0.11,0.11,0.0
2017-08-23,0.11,0.11,0.11,0.11,0.11,0.0
2017-08-24,0.11,0.11,0.11,0.11,0.11,0.0
2017-08-25,0.11,0.11,0.11,0.11,0.11,0.0
2017-08-28,0.11,0.11,0.11,0.11,0.11,0.0
2017-08-29,0.11,0.11,0.11,0.11,0.11,0.0
2017-08-30,0.11,0.11,0.11,0.11,0.11,0.0
2017-08-31,0.11,0.11,0.11,0.11,0.11,0.0
2017-09-01,0.11,0.11,0.11,0.11,0.11,0.0
2017-09-05,0.11,0.11,0.11,0.11,0.11,0.0
2017-09-06,0.11,0.11,0.11,0.11,0.11,0.0
2017-09-07,0.11,0.11,0.11,0.11,0.11,0.0
2017-09-08,2.93,2.93,2.92,2.93,2.93,6205.0
2017-09-11,0.11,0.11,0.11,0.11,0.11,0.0
2017-09-12,0.11,0.11,0.11,0.11,0.11,0.0
2017-09-13,2.91,2.91,2.88,2.9,2.9,7411.0
2017-09-14,2.89,2.9,2.88,2.9,2.9,29352.0
2017-09-15,0.11,0.11,0.11,0.11,0.11,0.0
2017-09-18,0.11,0.11,0.11,0.11,0.11,0.0
2017-09-19,2.89,2.91,2.89,2.91,2.91,3690.0
2017-09-20,2.89,2.91,2.87,2.91,2.91,16441.0
2017-09-21,0.11,0.11,0.11,0.11,0.11,0.0
2017-09-22,2.91,2.91,2.91,2.91,2.91,221.0
2017-09-25,2.88,2.91,2.88,2.91,2.91,5404.0
2017-09-26,2.91,2.91,2.89,2.9,2.9,573.0
2017-09-27,0.11,0.11,0.11,0.11,0.11,0.0
2017-09-28,0.11,0.11,0.11,0.11,0.11,0.0
2017-09-29,2.88,2.9,2.85,2.9,2.9,17248.0
2017-10-02,2.89,2.89,2.89,2.89,2.89,1150.0
2017-10-03,2.86,2.89,2.84,2.85,2.85,44220.0
2017-10-04,2.89,2.9,2.86,2.9,2.9,565.0
2017-10-05,0.11,0.11,0.11,0.11,0.11,0.0
2017-10-06,2.89,2.9,2.89,2.9,2.9,11000.0
2017-10-09,2.85,2.9,2.85,2.9,2.9,601.0
2017-10-10,2.9,2.9,2.9,2.9,2.9,24780.0
2017-10-11,2.89,2.89,2.89,2.89,2.89,1700.0
2017-10-12,2.88,2.9,2.86,2.9,2.9,4065.0
2017-10-13,2.87,2.89,2.87,2.89,2.89,708.0
2017-10-16,2.9,2.9,2.86,2.89,2.89,10953.0
2017-10-17,2.86,2.88,2.85,2.88,2.88,5022.0
2017-10-18,2.88,2.88,2.86,2.88,2.88,492.0
2017-10-19,2.88,2.88,2.86,2.87,2.87,10550.0
2017-10-20,2.86,2.88,2.84,2.87,2.87,2855.0
2017-10-23,2.86,2.9,2.86,2.9,2.9,21460.0
2017-10-24,2.88,2.92,2.88,2.89,2.89,17172.0
2017-10-25,2.9,2.9,2.89,2.89,2.89,7620.0
2017-10-26,2.89,2.94,2.89,2.93,2.93,7763.0
2017-10-27,2.94,2.94,2.9,2.93,2.93,1634.0
2017-10-30,2.95,2.95,2.89,2.92,2.92,3385.0
2017-10-31,40.25,41.009997999999996,39.84,40.950001,40.950001,1636200.0
2017-11-01,41.0,41.279999,40.209998999999996,40.68,40.68,2685000.0
2017-11-02,41.139998999999996,41.599998,40.490002000000004,41.349998,41.349998,3494225.0
